,anime_id,name,genre,type,episodes,rating,members
9,15417,Gintama': Enchousen,"Action, Comedy, Historical, Parody, Samurai, Sci-Fi, Shounen",TV,13,9.11,81109
15,199,Sen to Chihiro no Kamikakushi,"Adventure, Drama, Supernatural",Movie,1,8.93,466254
18,12355,Ookami Kodomo no Ame to Yuki,"Fantasy, Slice of Life",Movie,1,8.84,226193
23,30276,One Punch Man,"Action, Comedy, Parody, Sci-Fi, Seinen, Super Power, Supernatural",TV,12,8.82,552458
31,32983,Natsume Yuujinchou Go,"Drama, Fantasy, Shoujo, Slice of Life, Supernatural",TV,13,8.76,38865
32,5258,Hajime no Ippo: New Challenger,"Comedy, Drama, Shounen, Sports",TV,26,8.75,88995
33,28957,Mushishi Zoku Shou: Suzu no Shizuku,"Adventure, Fantasy, Historical, Mystery, Seinen, Slice of Life, Supernatural",Movie,1,8.75,32266
36,11741,Fate/Zero 2nd Season,"Action, Fantasy, Supernatural, Thriller",TV,12,8.73,340973
38,19,Monster,"Drama, Horror, Mystery, Police, Psychological, Seinen, Thriller",TV,74,8.72,247562
39,12365,Bakuman. 3rd Season,"Comedy, Drama, Romance, Shounen",TV,25,8.71,133620
42,30654,Ansatsu Kyoushitsu (TV) 2nd Season,"Action, Comedy, School, Shounen",TV,25,8.68,176475
44,19647,Hajime no Ippo: Rising,"Comedy, Drama, Shounen, Sports",TV,25,8.68,66756
48,21329,Mushishi Special: Hihamukage,"Adventure, Fantasy, Historical, Mystery, Seinen, Slice of Life, Supernatural",Special,1,8.66,49036
49,31043,Boku dake ga Inai Machi,"Mystery, Psychological, Seinen, Supernatural",TV,12,8.65,402381
50,7785,Yojouhan Shinwa Taikei,"Mystery, Psychological, Romance",TV,11,8.65,122531
98,18115,Magi: The Kingdom of Magic,"Action, Adventure, Fantasy, Magic, Shounen",TV,25,8.5,245026
103,11979,Mahou Shoujo Madoka★Magica Movie 2: Eien no Monogatari,"Drama, Magic, Psychological, Thriller",Movie,1,8.49,85361
119,5341,Ookami to Koushinryou II,"Adventure, Fantasy, Historical, Romance",TV,12,8.46,210491
121,10863,Steins;Gate: Oukoubakko no Poriomania,"Sci-Fi, Thriller",Special,1,8.46,159548
122,28701,Fate/stay night: Unlimited Blade Works 2nd Season,"Action, Fantasy, Magic, Shounen, Supernatural",TV,13,8.45,205987
125,32,Neon Genesis Evangelion: The End of Evangelion,"Dementia, Drama, Mecha, Psychological, Sci-Fi",Movie,1,8.45,215630
126,4224,Toradora!,"Comedy, Romance, School, Slice of Life",TV,25,8.45,633817
133,22297,Fate/stay night: Unlimited Blade Works,"Action, Fantasy, Magic, Shounen, Supernatural",TV,12,8.42,267484
134,627,Major S1,"Comedy, Drama, Shounen, Sports",TV,26,8.42,41061
140,139,Hunter x Hunter: Greed Island Final,"Action, Adventure, Shounen, Super Power",OVA,14,8.41,55787
143,5040,One Outs,"Psychological, Seinen, Sports",TV,25,8.41,83056
144,57,Beck,"Comedy, Drama, Music, Shounen, Slice of Life",TV,26,8.4,148328
146,5,Cowboy Bebop: Tengoku no Tobira,"Action, Drama, Mystery, Sci-Fi, Space",Movie,1,8.4,137636
147,1842,Major S3,"Drama, Shounen, Sports",TV,26,8.4,29528
150,1210,NHK ni Youkoso!,"Comedy, Drama, Psychological, Romance",TV,24,8.4,291228
154,5081,Bakemonogatari,"Mystery, Romance, Supernatural, Vampire",TV,15,8.39,482268
158,853,Ouran Koukou Host Club,"Comedy, Harem, Romance, School, Shoujo",TV,26,8.39,422271
159,5460,Detective Conan Movie 13: The Raven Chaser,"Action, Mystery, Police, Shounen",Movie,1,8.38,21798
167,6811,InuYasha: Kanketsu-hen,"Action, Adventure, Comedy, Demons, Fantasy, Magic, Romance, Shounen, Supernatural",TV,26,8.37,99128
170,22145,Kuroshitsuji: Book of Circus,"Comedy, Demons, Fantasy, Historical, Shounen, Supernatural",TV,10,8.37,122895
174,18195,Little Busters!: Refrain,"Comedy, Drama, Romance, School, Slice of Life, Supernatural",TV,13,8.36,71820
176,9130,Saint Seiya: The Lost Canvas - Meiou Shinwa 2,"Action, Adventure, Martial Arts, Shounen, Super Power, Supernatural",OVA,13,8.36,27532
181,28675,Kyoukai no Kanata Movie: I'll Be Here - Mirai-hen,"Fantasy, Slice of Life, Supernatural",Movie,1,8.35,59815
185,43,Ghost in the Shell,"Action, Mecha, Police, Psychological, Sci-Fi, Seinen",Movie,1,8.34,223036
187,31051,Kuroko no Basket: Saikou no Present Desu,"Action, School, Shounen, Sports",Special,1,8.34,22900
188,10153,Mahou Shoujo Lyrical Nanoha: The Movie 2nd A's,"Action, Comedy, Drama, Magic, Super Power",Movie,1,8.34,13315
189,1033,Sennen Joyuu,"Action, Adventure, Drama, Fantasy, Historical, Romance",Movie,1,8.34,58492
190,32188,Steins;Gate: Kyoukaimenjou no Missing Link - Divide By Zero,"Sci-Fi, Thriller",Special,1,8.34,38147
196,138,Hunter x Hunter: Greed Island,"Action, Adventure, Shounen, Super Power",OVA,8,8.33,57029
201,27821,Fate/stay night: Unlimited Blade Works - Prologue,"Action, Fantasy, Magic, Shounen, Supernatural",Special,1,8.32,106382
220,3901,Baccano! Specials,"Action, Comedy, Historical, Mystery, Seinen, Supernatural",Special,3,8.29,100412
221,6467,Detective Conan Movie 14: The Lost Ship in the Sky,"Action, Mystery, Police, Shounen",Movie,1,8.29,20602
224,3701,Kaiba,"Adventure, Mystery, Romance, Sci-Fi",TV,12,8.29,56927
226,33255,Saiki Kusuo no Ψ-nan (TV),"Comedy, School, Shounen, Supernatural",TV,120,8.29,47092
230,4722,Skip Beat!,"Comedy, Drama, Romance, Shoujo",TV,25,8.28,134818
233,512,Majo no Takkyuubin,"Adventure, Comedy, Drama, Fantasy, Magic, Romance",Movie,1,8.27,152331
234,4477,Nodame Cantabile: Paris-hen,"Comedy, Josei, Music, Romance, Slice of Life",TV,11,8.27,70822
237,23327,Space☆Dandy 2nd Season,"Comedy, Sci-Fi, Space",TV,13,8.27,60918
242,7054,Kaichou wa Maid-sama!,"Comedy, Romance, School, Shoujo",TV,26,8.26,391628
244,23283,Zankyou no Terror,"Psychological, Thriller",TV,11,8.26,342893
247,18689,Diamond no Ace,"Comedy, School, Shounen, Sports",TV,75,8.25,81384
253,1559,Shijou Saikyou no Deshi Kenichi,"Action, Comedy, Martial Arts, School, Shounen",TV,50,8.25,129112
256,18,Initial D Fourth Stage,"Action, Cars, Drama, Seinen, Sports",TV,24,8.24,41584
257,4814,Junjou Romantica 2,"Comedy, Drama, Romance, Shounen Ai",TV,12,8.24,87617
265,1827,Seirei no Moribito,"Action, Adventure, Fantasy, Historical",TV,26,8.24,106888
272,12069,Hajime no Ippo: Boxer no Kobushi,"Comedy, Drama, Shounen, Sports",Special,1,8.23,20157
273,185,Initial D First Stage,"Action, Cars, Drama, Seinen, Sports",TV,26,8.23,68128
277,721,Princess Tutu,"Comedy, Fantasy, Magic, Romance",TV,38,8.23,73218
278,12477,Sakasama no Patema,"Sci-Fi, Seinen",Movie,1,8.23,89749
281,6702,Fairy Tail,"Action, Adventure, Comedy, Fantasy, Magic, Shounen",TV,175,8.22,584590
289,3016,Ginga Eiyuu Densetsu: Arata Naru Tatakai no Overture,"Action, Drama, Military, Sci-Fi, Space",Movie,1,8.21,11808
296,27663,Baby Steps 2nd Season,"Romance, School, Shounen, Sports",TV,25,8.2,36251
304,20371,Sekaiichi Hatsukoi Movie: Yokozawa Takafumi no Baai,"Comedy, Drama, Romance, Shounen Ai",Movie,1,8.2,23045
313,16001,Kokoro Connect: Michi Random,"Comedy, Drama, Romance, School, Slice of Life, Supernatural",Special,4,8.19,106989
317,16918,Gin no Saji,"Comedy, School, Shounen, Slice of Life",TV,11,8.18,116261
320,24997,Love Live! The School Idol Movie,"Music, School, Slice of Life",Movie,1,8.18,38118
325,21419,Detective Conan Movie 18: The Sniper from Another Dimension,"Action, Mystery, Police, Shounen",Movie,1,8.17,12151
334,4918,xxxHOLiC Shunmuki,"Comedy, Drama, Mystery, Psychological, Supernatural",OVA,2,8.17,40401
342,153,Juuni Kokuki,"Action, Adventure, Fantasy, Magic, Supernatural",TV,45,8.16,66646
343,5029,Major Movie: Yuujou no Winning Shot,"Action, Shounen, Sports",Movie,1,8.16,9943
356,851,Kyou kara Ore wa!!,"Comedy, Shounen",OVA,10,8.15,7954
369,535,Slayers Next,"Adventure, Comedy, Demons, Fantasy, Magic",TV,26,8.14,39832
376,14807,Kara no Kyoukai: Mirai Fukuin,"Drama, Mystery, Seinen, Supernatural",Movie,1,8.13,41168
377,81,Mobile Suit Gundam: The 08th MS Team,"Adventure, Drama, Mecha, Military, Romance, Sci-Fi",OVA,12,8.13,34177
379,31098,Ushio to Tora (TV) 2nd Season,"Comedy, Demons, Shounen, Supernatural",TV,13,8.13,43916
380,1023,Wolf's Rain OVA,"Adventure, Drama, Psychological, Sci-Fi, Supernatural",OVA,4,8.13,37679
382,24921,Aoki Hagane no Arpeggio: Ars Nova Cadenza,"Action, Sci-Fi, Seinen",Movie,1,8.12,12353
384,27831,Durarara!!x2 Ten,"Action, Mystery, Supernatural",TV,12,8.12,132506
388,3907,Ginga Sengoku Gunyuuden Rai,"Adventure, Romance, Sci-Fi, Shounen, Space",TV,52,8.12,5308
390,10080,Kami nomi zo Shiru Sekai II,"Comedy, Harem, Romance, Shounen, Supernatural",TV,12,8.12,194300
393,9941,Tiger & Bunny,"Action, Comedy, Mystery, Super Power",TV,25,8.12,104075
394,14813,Yahari Ore no Seishun Love Comedy wa Machigatteiru.,"Comedy, Drama, Romance, School",TV,13,8.12,353876
396,21855,Hanamonogatari,"Comedy, Mystery, Supernatural",TV,5,8.11,124886
397,11739,Kimi to Boku. 2,"Comedy, Drama, Romance, School, Shounen, Slice of Life",TV,13,8.11,44564
402,6505,There She Is!!,"Comedy, Romance",ONA,5,8.11,13935
406,3665,Ginga Eiyuu Densetsu Gaiden: Rasen Meikyuu,"Drama, Military, Sci-Fi, Space",OVA,28,8.1,7712
410,401,Rurouni Kenshin: Meiji Kenkaku Romantan - Seisou-hen,"Drama, Historical, Romance, Samurai, Shounen",OVA,2,8.1,49454
415,3014,Ginga Eiyuu Densetsu: Waga Yuku wa Hoshi no Taikai,"Action, Historical, Military, Sci-Fi, Space",Movie,1,8.09,15069
422,25161,One Piece 3D2Y: Ace no shi wo Koete! Luffy Nakama Tono Chikai,"Adventure, Comedy, Fantasy, Shounen",Special,1,8.09,30516
424,2752,Prince of Tennis: The National Tournament Semifinals,"Action, Comedy, Sports",OVA,6,8.09,21186
449,73,Full Metal Panic! The Second Raid,"Action, Mecha, Military",TV,13,8.06,155340
454,15689,Nekomonogatari: Kuro,"Comedy, Romance, Supernatural",TV,4,8.06,173264
460,427,Kaleido Star,"Comedy, Drama, Fantasy, Shoujo",TV,51,8.05,42253
462,18429,Lupin III vs. Detective Conan: The Movie,"Action, Comedy, Mystery, Shounen",Movie,1,8.05,10021
467,14353,Death Billiards,"Drama, Game, Mystery, Psychological, Thriller",Movie,1,8.04,95690
476,28755,Boruto: Naruto the Movie,"Action, Comedy, Martial Arts, Shounen, Super Power",Movie,1,8.03,74690
487,85,Mobile Suit Zeta Gundam,"Drama, Mecha, Military, Sci-Fi, Space",TV,50,8.03,28959
489,2605,Sayonara Zetsubou Sensei,"Comedy, Parody, School",TV,12,8.03,174531
491,3228,Zoku Sayonara Zetsubou Sensei,"Comedy, Parody, School",TV,13,8.03,74040
495,3782,Kara no Kyoukai 2: Satsujin Kousatsu (Zen),"Action, Mystery, Romance, Supernatural, Thriller",Movie,1,8.02,114415
499,11813,Shijou Saikyou no Deshi Kenichi OVA,"Action, Comedy, Martial Arts, School, Shounen",OVA,11,8.02,24167
508,9088,Saiyuuki Gaiden,"Action, Adventure, Drama, Fantasy, Shoujo",OVA,3,8.01,5843
509,12815,Shirokuma Cafe,"Comedy, Josei, Slice of Life",TV,50,8.01,44668
519,14349,Little Witch Academia,"Adventure, Comedy, Fantasy, Magic, School",Movie,1,8.0,111703
521,31973,Mobile Suit Gundam Thunderbolt,"Action, Drama, Mecha, Military, Sci-Fi, Space",ONA,4,8.0,14419
526,11239,Hidamari Sketch x Honeycomb,"Comedy, School, Slice of Life",TV,12,7.99,12590
528,1695,Les Misérables: Shoujo Cosette,"Drama, Historical, Shoujo, Slice of Life",TV,52,7.99,9605
532,8516,Baka to Test to Shoukanjuu Ni!,"Comedy, Romance, School, Super Power",TV,13,7.98,183722
541,18245,White Album 2,"Drama, Music, Romance, Slice of Life",TV,13,7.98,91075
551,12917,Madang-Eul Naon Amtalg,"Adventure, Drama, Fantasy, Kids",Movie,1,7.97,1528
555,1253,Saint Seiya: Meiou Hades Meikai-hen,"Action, Adventure, Demons, Fantasy, Sci-Fi, Shounen, Super Power",OVA,12,7.97,21240
558,949,Top wo Nerae! Gunbuster,"Action, Comedy, Drama, Mecha, Military, Sci-Fi, Shounen, Space",OVA,6,7.97,51724
561,21185,Baby Steps,"Romance, School, Shounen, Sports",TV,25,7.96,59818
565,12413,Jormungand,"Action, Adventure, Seinen",TV,12,7.96,137610
572,14741,Chuunibyou demo Koi ga Shitai!,"Comedy, Drama, Romance, School, Slice of Life",TV,12,7.95,394399
574,33028,Danganronpa 3: The End of Kibougamine Gakuen - Zetsubou-hen,"Action, Horror, Mystery, Psychological",TV,11,7.95,65503
578,8479,Hetalia World Series,"Comedy, Historical, Parody",ONA,48,7.95,64416
580,8525,Kami nomi zo Shiru Sekai,"Comedy, Harem, Romance, Shounen, Supernatural",TV,12,7.95,284846
587,24893,Sidonia no Kishi: Daikyuu Wakusei Seneki,"Action, Mecha, Sci-Fi, Seinen, Space",TV,12,7.95,57665
597,22265,Free!: Eternal Summer,"Comedy, School, Slice of Life, Sports",TV,13,7.94,150596
598,13117,Hakuouki Movie 1: Kyoto Ranbu,"Action, Drama, Historical, Josei, Samurai, Supernatural",Movie,1,7.94,12076
610,31339,Drifters,"Action, Adventure, Comedy, Fantasy, Historical, Samurai, Seinen",TV,12,7.93,102857
620,8038,Nodame Cantabile Finale Special,"Comedy, Josei, Music, Romance",Special,1,7.93,23388
627,23249,Uchuu Senkan Yamato 2199: Hoshimeguru Hakobune,"Action, Drama, Military, Sci-Fi, Space",Movie,1,7.93,5431
628,202,Wolf's Rain,"Action, Adventure, Drama, Fantasy, Mystery, Sci-Fi",TV,26,7.93,171863
634,17895,Golden Time,"Comedy, Romance, Seinen",TV,24,7.92,273191
635,1824,Hadashi no Gen,"Drama, Historical",Movie,1,7.92,16474
651,33221,Mobile Suit Gundam Thunderbolt: December Sky,"Action, Drama, Mecha, Military, Sci-Fi, Space",Movie,1,7.92,2833
655,7193,Aoi Bungaku Series,"Drama, Historical, Psychological, Seinen, Thriller",TV,12,7.9,93074
660,1491,Ginga Tetsudou 999,"Adventure, Drama, Sci-Fi, Space",TV,113,7.9,12672
665,2828,Ie Naki Ko,"Adventure, Drama, Historical, Kids, Slice of Life",TV,51,7.9,4479
671,21995,Ao Haru Ride,"Comedy, Drama, Romance, School, Shoujo, Slice of Life",TV,12,7.89,227417
683,1092,Mobile Suit Gundam III: Encounters in Space,"Action, Adventure, Drama, Mecha, Military, Sci-Fi, Space",Movie,1,7.89,11343
692,13535,Binbougami ga!,"Comedy, Parody, Shounen, Supernatural",TV,13,7.88,117091
693,1520,Black Jack,Drama,OVA,12,7.88,14414
704,29830,Tamayura: Sotsugyou Shashin Part 3 - Akogare,"Comedy, Drama, Slice of Life",Movie,1,7.88,3089
713,2175,Kino no Tabi: The Beautiful World - Byouki no Kuni - For You,"Adventure, Drama, Fantasy",Movie,1,7.87,23453
722,2582,Soukou Kihei Votoms,"Action, Drama, Mecha, Military, Sci-Fi, Space",TV,52,7.87,9008
728,951,Chibi Maruko-chan,"Comedy, Shoujo, Slice of Life",TV,142,7.86,4739
735,32547,Non Non Biyori Repeat OVA,"Comedy, School, Seinen, Slice of Life",OVA,1,7.86,9729
747,10460,Kimi to Boku.,"Comedy, Drama, Romance, School, Shounen, Slice of Life",TV,13,7.85,86196
760,2994,Death Note Rewrite,"Mystery, Police, Psychological, Supernatural, Thriller",Special,2,7.84,88699
771,8937,Toaru Majutsu no Index II,"Action, Magic, Sci-Fi, Super Power",TV,24,7.84,184520
772,12883,Tsuritama,"Comedy, Sci-Fi, Slice of Life, Sports",TV,12,7.84,90625
776,3841,Chi's Sweet Home,"Comedy, Slice of Life",TV,104,7.83,36307
779,33082,Kingsglaive: Final Fantasy XV,Action,Movie,1,7.83,15508
799,1211,Macross Plus Movie Edition,"Action, Adventure, Mecha, Military, Romance, Sci-Fi, Space",Movie,1,7.82,8405
802,3515,Saint Seiya: Meiou Hades Elysion-hen,"Action, Fantasy, Shounen, Super Power",OVA,6,7.82,19044
825,60,Chrno Crusade,"Action, Demons, Historical, Romance, Supernatural",TV,24,7.8,140865
831,33209,Huyao Xiao Hongniang: Wangquan Fugui,"Comedy, Romance, Supernatural",ONA,14,7.8,1119
834,182,Tenkuu no Escaflowne,"Adventure, Fantasy, Mecha, Romance, Shoujo",TV,26,7.8,83437
836,16011,Tokyo Ravens,"Comedy, School, Shounen, Super Power, Supernatural",TV,24,7.8,171384
839,477,Aria The Animation,"Fantasy, Sci-Fi, Shounen, Slice of Life",TV,13,7.79,76913
841,5177,Denpa-teki na Kanojo,"Mystery, School, Thriller",OVA,2,7.79,85409
843,6927,Higashi no Eden Soushuuhen: Air Communication,"Comedy, Mystery, Romance",Movie,1,7.79,20059
852,18119,Servant x Service,"Comedy, Slice of Life",TV,13,7.79,81037
864,255,Jungle wa Itsumo Hare nochi Guu Final,"Comedy, Slice of Life",OVA,7,7.78,7576
867,14511,Minami-ke Tadaima,"Comedy, School, Slice of Life",TV,13,7.78,31394
878,540,Tenchi Muyou! Ryououki 2nd Season,"Action, Comedy, Harem, Sci-Fi, Shounen, Space",OVA,6,7.78,15837
883,32108,Digimon Adventure tri. 2: Ketsui,"Action, Adventure, Comedy, Drama",Movie,1,7.77,30684
885,488,Ichigo Mashimaro,"Comedy, Slice of Life",TV,12,7.77,46333
888,7270,Mobile Suit Gundam 00 Special Edition,"Action, Drama, Mecha, Military, Sci-Fi",OVA,3,7.77,7087
893,539,Tenchi Muyou! Ryououki,"Action, Comedy, Sci-Fi, Shounen, Space",OVA,6,7.77,25902
895,24151,Ao Haru Ride OVA,"Romance, School, Shoujo, Slice of Life",OVA,2,7.76,46864
898,31478,Bungou Stray Dogs,"Action, Comedy, Mystery, Seinen, Supernatural",TV,12,7.76,187805
915,10715,Towa no Quon 4: Guren no Shoushin,"Action, Super Power, Supernatural",Movie,1,7.76,18545
920,986,Dragon Ball Z Special 1: Tatta Hitori no Saishuu Kessen,"Adventure, Comedy, Fantasy, Sci-Fi, Shounen",Special,1,7.75,46276
938,740,Bishoujo Senshi Sailor Moon R,"Demons, Magic, Romance, Shoujo",TV,43,7.74,73305
974,2558,Wakakusa Monogatari: Nan to Jo-sensei,"Drama, Historical, School, Slice of Life",TV,40,7.73,2577
982,5204,Kara no Kyoukai 6: Boukyaku Rokuon,"Action, Magic, Mystery, Romance, Supernatural, Thriller",Movie,1,7.72,93803
987,32668,Noblesse: Awakening,"Action, School, Supernatural, Vampire",ONA,1,7.72,28864
992,33350,Zhen Hun Jie,"Action, Supernatural",ONA,24,7.72,2480
994,7647,Arakawa Under the Bridge,"Comedy, Romance, Seinen",TV,13,7.71,162622
1001,7661,Giant Killing,"Drama, Seinen, Sports",TV,26,7.71,36947
1002,31997,Hetalia: The World Twinkle Extra Disc,"Comedy, Historical, Parody",OVA,1,7.71,2152
1022,19191,Ghost in the Shell: Arise - Border:2 Ghost Whispers,"Mecha, Police, Psychological, Sci-Fi",Movie,1,7.7,24880
1029,15051,Love Live! School Idol Project,"Music, School, Slice of Life",TV,13,7.7,155281
1035,32681,Uchuu Patrol Luluco,"Action, Adventure, Comedy, Space",TV,13,7.7,50236
1043,587,Hanbun no Tsuki ga Noboru Sora,"Comedy, Drama, Romance",TV,6,7.69,65125
1051,21105,Love Stage!!,"Comedy, Romance, Shounen Ai",TV,10,7.69,83397
1060,32015,Ajin OVA,"Action, Horror, Mystery, Seinen, Supernatural",OVA,3,7.68,15613
1065,14345,Btooom!,"Action, Psychological, Sci-Fi, Seinen",TV,12,7.68,329561
1067,428,Kaleido Star: Aratanaru Tsubasa - Extra Stage,"Adventure, Comedy, Drama, Shoujo",OVA,1,7.68,9248
1069,10588,Persona 4 the Animation,"Adventure, Mystery, School, Sci-Fi, Super Power, Supernatural",TV,25,7.68,134942
1070,14669,Aura: Maryuuin Kouga Saigo no Tatakai,"Comedy, Drama, Romance, School, Supernatural",Movie,1,7.67,22599
1082,9396,Mitsudomoe Special,"Comedy, School, Slice of Life",Special,1,7.67,11354
1085,5306,Tales of Symphonia The Animation: Tethe'alla-hen,"Action, Adventure, Fantasy, Magic, Martial Arts, Shounen",OVA,4,7.67,20355
1087,177,Tsubasa Chronicle,"Action, Adventure, Fantasy, Magic, Romance, Shounen, Supernatural",TV,26,7.67,134705
1091,5348,Detective Conan Magic File 2: Kudou Shinichi - The Case of the Mysterious Wall and the Black Lab,"Adventure, Comedy, Mystery, Police, Shounen",OVA,1,7.66,7726
1095,14131,Girls und Panzer,"Military, School",TV,12,7.66,104275
1096,2002,Heroic Age,"Action, Mecha, Military, Sci-Fi, Space",TV,26,7.66,62530
1098,5290,Keroro Gunsou Movie 3: Tenkuu Daikessen de Arimasu!,"Comedy, Sci-Fi, Shounen",Movie,1,7.66,2430
1102,3626,Mobile Suit Gundam Wing: Operation Meteor,"Action, Adventure, Drama, Mecha, Military, Psychological, Sci-Fi, Space",OVA,4,7.66,6768
1103,10020,Ore no Imouto ga Konnani Kawaii Wake ga Nai Specials,"Comedy, Seinen, Slice of Life",ONA,4,7.66,101495
1106,2562,Shion no Ou,"Drama, Game, Mystery, Thriller",TV,22,7.66,20553
1109,17437,The iDOLM@STER Movie: Kagayaki no Mukougawa e!,"Comedy, Drama, Music",Movie,1,7.66,12262
1116,9839,Detective Conan: Black History 2,"Adventure, Comedy, Mystery, Police, Shounen",Special,1,7.65,2718
1118,2673,Doraemon Movie 27: Nobita no Shin Makai Daibouken - 7-nin no Mahoutsukai,"Adventure, Comedy, Fantasy",Movie,1,7.65,1583
1121,2012,Jigoku Sensei Nube,"Adventure, Comedy, Horror, Romance, School, Shounen, Supernatural",TV,49,7.65,8908
1124,5162,Minami-ke Okaeri,"Comedy, School, Slice of Life",TV,13,7.65,45233
1132,16241,"Yondemasu yo, Azazel-san. Z","Comedy, Demons, Supernatural",TV,13,7.65,20640
1136,2514,Detective Conan OVA 04: Conan and Kid and Crystal Mother,"Adventure, Mystery, Police, Shounen",OVA,1,7.64,8974
1139,11663,Hakuouki OVA,"Action, Drama, Historical, Samurai, Supernatural",OVA,2,7.64,7791
1145,334,Marmalade Boy,"Comedy, Drama, Romance, Shoujo",TV,76,7.64,24745
1149,15775,Saint☆Oniisan,"Comedy, Seinen, Slice of Life",OVA,2,7.64,33668
1151,16524,Suisei no Gargantia,"Action, Adventure, Mecha, Sci-Fi",TV,13,7.64,170754
1156,32828,Amaama to Inazuma,"Comedy, Seinen, Slice of Life",TV,12,7.63,95339
1163,32526,Love Live! Sunshine!!,"Music, School, Slice of Life",TV,13,7.63,45246
1166,2549,Perrine Monogatari,"Drama, Historical, Shoujo, Slice of Life",TV,53,7.63,1744
1167,814,Prince of Tennis: Atobe's Gift,"Comedy, Shounen, Sports",Movie,1,7.63,10567
1170,5118,Suzumiya Haruhi-chan no Yuuutsu,"Comedy, Parody",ONA,25,7.63,70416
1172,691,Yawara!,"Action, Comedy, Drama, Martial Arts, Romance, Slice of Life, Sports",TV,124,7.63,6437
1176,2424,Cardcaptor Sakura Specials,Comedy,Special,3,7.62,18604
1180,14837,Dragon Ball Z Movie 14: Kami to Kami,"Action, Adventure, Fantasy, Martial Arts, Shounen, Super Power",Movie,1,7.62,66471
1189,96,Mobile Fighter G Gundam,"Adventure, Comedy, Drama, Martial Arts, Mecha, Romance, Sci-Fi, Space, Sports",TV,49,7.62,36338
1194,8197,So Ra No Wo To Specials,"Military, Music, Sci-Fi, Slice of Life",Special,2,7.62,16491
1201,4981,Casshern Sins,"Action, Adventure, Drama, Psychological, Sci-Fi",TV,24,7.61,80307
1210,33091,Planetarian: Chiisana Hoshi no Yume,"Drama, Sci-Fi",ONA,5,7.61,38303
1213,18523,Senyuu. 2,"Action, Comedy, Fantasy, Parody, Shounen",TV,13,7.61,30726
1218,1919,Urusei Yatsura OVA,"Adventure, Comedy, Sci-Fi",OVA,11,7.61,2470
1220,18497,Yozakura Quartet: Hana no Uta,"Action, Comedy, Magic, Shounen, Super Power, Supernatural",TV,13,7.61,58245
1231,5998,Hottarake no Shima: Haruka to Mahou no Kagami,Fantasy,Movie,1,7.6,6517
1235,1047,On Your Mark,"Drama, Music, Sci-Fi",Music,1,7.6,13661
1237,16287,One Piece: Romance Dawn,"Action, Comedy, Fantasy, Shounen, Super Power",OVA,1,7.6,8326
1238,8476,Otome Youkai Zakuro,"Demons, Historical, Military, Romance, Seinen, Supernatural",TV,13,7.6,61957
1240,10257,Pretty Rhythm: Aurora Dream,"Music, Shoujo, Slice of Life, Sports",TV,51,7.6,9431
1255,15199,Code Geass: Boukoku no Akito 3 - Kagayaku Mono Ten yori Otsu,"Action, Mecha, Military",Movie,1,7.59,45069
1257,9023,Katekyo Hitman Reborn!: Mr. Rebokku no Ciao Ciao Interview,Comedy,Special,3,7.59,12153
1261,98,Mai-HiME,"Action, Comedy, Drama, Fantasy, Magic, Mecha, Romance, School, Shoujo Ai",TV,26,7.59,76492
1270,13391,Rakuen Tsuihou: Expelled from Paradise,"Action, Mecha, Sci-Fi",Movie,1,7.59,46678
1275,2337,Tetsujin 28-gou (2004),"Adventure, Mecha, Sci-Fi, Shounen",TV,26,7.59,1826
1278,24919,Aoki Hagane no Arpeggio: Ars Nova DC,"Action, Sci-Fi, Seinen",Movie,1,7.58,11943
1281,2800,Candy Candy,"Drama, Shoujo, Slice of Life",TV,115,7.58,11893
1282,27601,Chuunibyou demo Koi ga Shitai! Ren: The Rikka Wars,"Comedy, Drama, Romance, School, Slice of Life",Special,1,7.58,31808
1283,22839,Cross Road,"School, Slice of Life",Special,1,7.58,23038
1285,6922,Fate/stay night Movie: Unlimited Blade Works,"Action, Fantasy, Magic, Supernatural",Movie,1,7.58,110983
1286,4061,Grimm Masterpiece Theater II,"Adventure, Comedy, Fantasy, Kids, Magic",TV,23,7.58,1169
1294,8676,Amagami SS,"Comedy, Romance, School, Slice of Life",TV,25,7.57,157223
1297,6231,Detective Conan Magic File 3: Shinichi and Ran - Memories of Mahjong Tiles and Tanabata,"Mystery, Shounen",OVA,1,7.57,7187
1308,5671,Saki,"Game, School, Slice of Life",TV,25,7.57,55970
1312,567,The Big O,"Action, Mecha, Mystery, Psychological, Sci-Fi",TV,26,7.57,45843
1328,5710,Keroro Gunsou Movie 4: Gekishin Dragon Warriors de Arimasu!,Comedy,Movie,1,7.56,2048
1332,131,Saiyuuki Reload Gunlock,"Action, Adventure, Comedy, Fantasy, Shoujo",TV,26,7.56,11233
1334,1642,Sugar Sugar Rune,"Fantasy, Magic, Shoujo",TV,51,7.56,16484
1351,25389,Dragon Ball Z Movie 15: Fukkatsu no F,"Action, Adventure, Comedy, Fantasy, Martial Arts, Shounen, Super Power",Movie,1,7.55,41051
1353,6291,Full Metal Panic! The Second Raid Episode 000,"Action, Adventure, Mecha, Military",Special,1,7.55,25423
1358,5291,Hokuto no Ken Zero: Kenshirou Den,Martial Arts,Movie,1,7.55,4278
1359,12679,Joshiraku,"Comedy, Slice of Life",TV,13,7.55,51084
1363,207,Lodoss-tou Senki,"Action, Adventure, Fantasy, Magic, Shounen, Supernatural",OVA,13,7.55,28462
1373,5538,Tegamibachi: Hikari to Ao no Gensou Yawa,"Adventure, Fantasy, Shounen, Slice of Life, Supernatural",Special,1,7.55,10903
1374,24365,Tonari no Seki-kun Specials,"Comedy, School, Seinen",Special,2,7.55,14248
1376,8481,"""Bungaku Shoujo"" Memoire","Drama, Romance, School",OVA,3,7.54,18013
1379,1069,Chou Denji Machine Voltes V,"Action, Adventure, Drama, Mecha, Sci-Fi, Shounen",TV,40,7.54,3201
1382,15583,Date A Live,"Comedy, Harem, Mecha, Romance, School, Sci-Fi",TV,12,7.54,301358
1399,12015,Tiger & Bunny Movie 1: The Beginning,"Action, Comedy, Mystery, Super Power",Movie,1,7.54,13716
1402,1327,Aoki Densetsu Shoot!,"Action, Comedy, Drama, Romance, School, Shounen, Sports",TV,58,7.53,6937
1403,2922,Ashita no Joe 2 (Movie),"Drama, Sports",Movie,1,7.53,1396
1418,4752,Vampire Knight Guilty,"Drama, Mystery, Romance, Shoujo, Supernatural, Vampire",TV,13,7.53,198492
1421,28771,Yu☆Gi☆Oh!: The Dark Side of Dimensions,"Adventure, Game, Shounen",Movie,1,7.53,10263
1422,5251,Angel Densetsu,"Action, Comedy, School",OVA,2,7.52,10795
1425,13335,Fuse: Teppou Musume no Torimonochou,"Action, Drama, Historical, Supernatural",Movie,1,7.52,13412
1427,19193,Ghost in the Shell: Arise - Border:3 Ghost Tears,"Mecha, Police, Psychological, Sci-Fi",Movie,1,7.52,21648
1437,10178,Otona Joshi no Anime Time,"Drama, Josei, Slice of Life",Special,4,7.52,11268
1453,30869,Ajin Part 2: Shoutotsu,"Action, Horror, Mystery, Seinen, Supernatural",Movie,1,7.51,11377
1454,1536,Busou Renkin,"Action, Comedy, Fantasy, School, Shounen, Supernatural",TV,26,7.51,104607
1455,1475,City Hunter: Bay City Wars,"Action, Comedy, Mystery, Shounen",Movie,1,7.51,2969
1456,13837,Detective Conan Bonus File: Fantasista Flower,"Comedy, Mystery, Police, Shounen, Sports",OVA,1,7.51,4596
1461,2228,Honoo no Toukyuuji: Dodge Danpei,"Comedy, Sports",TV,47,7.51,2214
1466,2954,Maria-sama ga Miteru 3rd Specials,Comedy,Special,5,7.51,5072
1467,3469,Maria-sama ga Miteru: Haru Specials,"Drama, Romance, School, Shoujo, Shoujo Ai, Slice of Life",Special,6,7.51,5554
1468,8460,Mirai Nikki,"Action, Shounen, Supernatural",OVA,1,7.51,114217
1478,1577,Taiho Shichau zo,"Action, Comedy, Police, Seinen",OVA,4,7.51,8557
1480,33094,WWW.Working!!,"Comedy, Slice of Life",TV,13,7.51,40779
1495,31665,Hibike! Euphonium: Kakedasu Monaka,"Drama, Music, School",Special,1,7.5,17770
1507,32051,One Piece: Adventure of Nebulandia,"Action, Adventure, Comedy, Fantasy, Shounen, Super Power",Special,1,7.5,9777
1509,13429,Sakasama no Patema: Beginning of the Day,Sci-Fi,Special,4,7.5,16933
1514,7870,Baka to Test to Shoukanjuu Specials,"Comedy, Magic, School",Special,6,7.49,29923
1516,16592,Danganronpa: Kibou no Gakuen to Zetsubou no Koukousei The Animation,"Action, Horror, Mystery, Psychological",TV,13,7.49,298550
1519,17535,Fairy Tail Movie 1: Houou no Miko - Hajimari no Asa,"Fantasy, Magic, Shounen",Special,1,7.49,34230
1523,16353,Love Lab,"Comedy, Romance, School",TV,13,7.49,79493
1529,8769,Ore no Imouto ga Konnani Kawaii Wake ga Nai,"Comedy, Seinen, Slice of Life",TV,12,7.49,321477
1533,30187,Sakurako-san no Ashimoto ni wa Shitai ga Umatteiru,Mystery,TV,12,7.49,99665
1534,15751,Senyuu.,"Action, Comedy, Fantasy, Parody, Shounen",TV,13,7.49,56815
1536,2585,Soukou Kihei Votoms: Red Shoulder Document - Yabou no Roots,"Drama, Mecha, Military, Sci-Fi",OVA,1,7.49,2049
1540,10629,Tibet Inu Monogatari,Adventure,Movie,1,7.49,2647
1554,242,Gokusen,"Comedy, Drama, Josei, School, Slice of Life",TV,13,7.48,22009
1559,822,Initial D Extra Stage,"Action, Cars, Drama, Seinen, Sports",OVA,2,7.48,15363
1563,1419,Lupin III: Kutabare! Nostradamus,"Action, Adventure, Comedy, Shounen",Movie,1,7.48,4383
1567,5984,Ristorante Paradiso,"Drama, Josei, Romance, Slice of Life",TV,11,7.48,22229
1568,10464,Seitokai no Ichizon Lv.2,"Comedy, Harem, Parody, School",ONA,10,7.48,41169
1570,4715,Shigofumi Special,"Drama, Fantasy, Psychological, Thriller",Special,1,7.48,11797
1577,30790,Yowamushi Pedal: Re:ROAD,"Drama, Shounen, Sports",Movie,1,7.48,3088
1578,2125,Yuu☆Yuu☆Hakusho: Eizou Hakusho,"Action, Adventure, Shounen, Supernatural",OVA,2,7.48,6352
1585,10531,Detective Conan Magic File 5: Niigata - Tokyo Omiyage Capriccio,"Adventure, Comedy, Mystery, Police, Shounen",OVA,1,7.47,5369
1593,27969,Hana to Alice: Satsujin Jiken,"Drama, Mystery, Slice of Life",Movie,1,7.47,9766
1594,7337,"Hetalia Axis Powers Movie: Paint it, White","Comedy, Historical, Parody",Movie,1,7.47,36986
1595,20853,Hitsugi no Chaika,"Action, Adventure, Comedy, Fantasy, Romance, Shounen",TV,12,7.47,164510
1597,29583,Kuroko no Basket: Oshaberi Demo Shimasen ka,"Comedy, School, Shounen, Sports",Special,1,7.47,8011
1599,1590,Legendz: Yomigaeru Ryuuou Densetsu,"Action, Adventure, Comedy, Fantasy",TV,50,7.47,1370
1607,1655,Nerima Daikon Brothers,"Comedy, Music",TV,12,7.47,5374
1611,17137,Saiyuuki Gaiden: Tokubetsu-hen - Kouga no Shou,"Adventure, Drama, Fantasy, Shoujo",OVA,1,7.47,1313
1624,4038,Zettai Karen Children,"Action, Comedy, Shounen, Supernatural",TV,51,7.47,25876
1638,483,Kurau Phantom Memory,"Action, Drama, Sci-Fi, Space, Super Power",TV,24,7.46,17463
1640,5273,Miracle Giants Doumu-kun,Sports,TV,49,7.46,680
1643,601,Nekojiru-sou,"Comedy, Dementia, Psychological",OVA,1,7.46,34568
1644,465,One Piece Movie 7: Karakuri-jou no Mecha Kyohei,"Adventure, Comedy, Fantasy, Shounen",Movie,1,7.46,33028
1645,1117,Pokemon: Maboroshi no Pokemon Lugia Bakutan,"Adventure, Comedy, Drama, Fantasy, Kids",Movie,1,7.46,78876
1651,21573,Senki Zesshou Symphogear GX: Believe in Justice and Hold a Determination to Fist.,"Action, Music, Sci-Fi",TV,13,7.46,17466
1654,8098,Soukyuu no Fafner: Dead Aggressor - Heaven and Earth,"Action, Drama, Mecha, Military, Sci-Fi",Movie,1,7.46,8266
1656,23319,"Suisei no Gargantia: Meguru Kouro, Haruka","Action, Adventure, Mecha, Sci-Fi",OVA,2,7.46,20151
1662,2986,Bamboo Blade,"Comedy, School, Seinen, Sports",TV,26,7.45,61649
1666,15109,Cuticle Tantei Inaba,"Action, Comedy, Mystery, Shounen, Supernatural",TV,12,7.45,50019
1669,505,Fushigiboshi no☆Futagohime,"Comedy, Magic, Shoujo",TV,51,7.45,5074
1678,13261,Inazuma Eleven Go: Chrono Stone,"Shounen, Sports, Super Power",TV,51,7.45,11939
1712,191,Love Hina Christmas Special: Silent Eve,"Comedy, Romance, Slice of Life",Special,1,7.44,45137
1714,20221,Minami-ke Natsuyasumi,"Comedy, Slice of Life",OVA,1,7.44,9580
1715,3655,Nabari no Ou,"Action, Comedy, Drama, Fantasy, Shounen, Supernatural",TV,26,7.44,107384
1718,1094,One Piece: Umi no Heso no Daibouken-hen,"Action, Adventure, Comedy, Fantasy, Shounen, Super Power",Special,1,7.44,19649
1726,27,Trinity Blood,"Action, Supernatural, Vampire",TV,24,7.44,113791
1730,485,Damekko Doubutsu,Comedy,TV,26,7.43,8024
1733,6930,Doraemon Movie 29: Shin Nobita no Uchuu Kaitakushi,"Adventure, Comedy, Fantasy, Kids",Movie,1,7.43,1034
1738,30991,Himouto! Umaru-chan: Umaru-chan Mou Ikkai!,"Comedy, School, Seinen, Slice of Life",OVA,1,7.43,21413
1741,18295,Kakumeiki Valvrave 2nd Season,"Action, Mecha, Space",TV,12,7.43,57434
1743,32574,Kekkai Sensen: Ousama no Restaurant no Ousama,"Action, Fantasy, Shounen, Super Power, Supernatural, Vampire",OVA,1,7.43,9335
1746,1090,Mobile Suit Gundam I,"Action, Adventure, Drama, Mecha, Military, Sci-Fi, Space",Movie,1,7.43,12877
1748,4437,Naruto: Shippuuden Movie 2 - Kizuna,"Action, Martial Arts, Shounen, Supernatural",Movie,1,7.43,97818
1751,2141,Oseam,"Adventure, Drama",Movie,1,7.43,3648
1761,4663,Tekken Chinmi,"Action, Adventure, Historical, Martial Arts, Shounen",TV,20,7.43,1833
1765,7058,Uragiri wa Boku no Namae wo Shitteiru,"Adventure, Drama, Fantasy, Shoujo, Shounen Ai",TV,24,7.43,55040
1766,28405,Ansatsu Kyoushitsu (TV): Deai no Jikan,"Action, Comedy, School, Shounen",Special,1,7.42,29382
1768,1983,Black Jack: Futari no Kuroi Isha,Drama,Movie,1,7.42,2634
1783,22817,Kindaichi Shounen no Jikenbo Returns,"Mystery, Shounen",TV,25,7.42,8128
1785,335,Matantei Loki Ragnarok,"Comedy, Magic, Mystery, Shounen, Supernatural",TV,26,7.42,25098
1788,20939,"Ore no Nounai Sentakushi ga, Gakuen Love Comedy wo Zenryoku de Jama Shiteiru OVA","Comedy, Romance, School",OVA,1,7.42,35583
1791,1255,Saint Seiya: Shinku no Shounen Densetsu,"Adventure, Fantasy, Sci-Fi, Shounen",Movie,1,7.42,8849
1797,5141,Taishou Yakyuu Musume.,"Comedy, Historical, School, Seinen, Sports",TV,12,7.42,12248
1804,5578,Aoyama Goushou Tanpenshuu,"Adventure, Comedy, Mystery, Police, Shounen",Special,7,7.41,2177
1813,1410,IGPX: Immortal Grand Prix (2005) 2nd Season,"Mecha, Sci-Fi, Shounen, Sports",TV,13,7.41,6863
1817,16732,Kiniro Mosaic,"Comedy, School, Slice of Life",TV,12,7.41,78131
1819,6299,Maria-sama ga Miteru 4th Specials,Comedy,Special,11,7.41,3659
1824,272,Noir,"Action, Drama, Mystery",TV,26,7.41,66036
1826,326,Petshop of Horrors,"Horror, Josei, Mystery, Supernatural",TV,4,7.41,32696
1829,5753,Precure All Stars Movie DX: Minna Tomodachi☆Kiseki no Zenin Daishuugou!,"Action, Fantasy, Magic, Shoujo",Movie,1,7.41,2957
1831,2193,Saiunkoku Monogatari Soushuuhen,"Adventure, Comedy, Drama, Fantasy, Historical, Romance",Special,9,7.41,3263
1835,15077,Tabisuru Nuigurumi: Traveling Daru,"Kids, Slice of Life",OVA,1,7.41,2565
1842,21395,Crayon Shin-chan Movie 22: Gachinko! Gyakushuu no Robo To-chan,"Comedy, Kids, Shounen",Movie,1,7.4,704
1845,12231,Dragon Ball: Episode of Bardock,"Action, Adventure, Comedy, Fantasy, Martial Arts, Sci-Fi, Shounen, Super Power",Special,1,7.4,29030
1852,16444,Mondaiji-tachi ga Isekai kara Kuru Sou Desu yo?: Onsen Manyuuki,"Fantasy, Supernatural",OVA,1,7.4,44450
1861,9793,Senjou no Valkyria 3: Tagatame no Juusou,"Action, Fantasy, Military",OVA,2,7.4,9847
1868,92,After War Gundam X,"Adventure, Drama, Mecha, Sci-Fi, Space",TV,39,7.39,19132
1869,713,Air Movie,"Drama, Romance, Supernatural",Movie,1,7.39,44179
1870,3006,Atashin'chi,"Comedy, Slice of Life",TV,330,7.39,1524
1872,2675,Doraemon Movie 17: Nobita to Ginga Express,Fantasy,Movie,1,7.39,1342
1874,2634,Doraemon: Doraemon Comes Back,"Comedy, Fantasy, Kids, Sci-Fi, Shounen",Special,1,7.39,723
1884,13271,Hunter x Hunter Movie: Phantom Rouge,"Action, Adventure, Shounen, Super Power",Movie,1,7.39,44589
1887,8068,Kuroshitsuji Picture Drama,"Demons, Supernatural",Special,1,7.39,12446
1892,2486,Rumiko Takahashi Anthology,"Comedy, Drama, Romance, Shounen, Slice of Life, Supernatural",TV,13,7.39,3420
1893,1231,Saber Marionette J to X,"Action, Adventure, Comedy, Harem, Mecha, Sci-Fi",TV,26,7.39,8862
1912,1432,Lupin III: Fuuma Ichizoku no Inbou,"Action, Adventure, Comedy, Shounen",Movie,1,7.38,4018
1917,10448,Rain Town,Drama,ONA,1,7.38,12489
1928,3088,Tokyo Marble Chocolate,"Romance, Slice of Life",OVA,2,7.38,15425
1931,1278,Bishoujo Senshi Sailor Moon SuperS Gaiden: Ami-chan no Hatsukoi,"Comedy, Magic, Romance, Shoujo",Special,1,7.37,15135
1941,655,Galaxy Angel 4,"Comedy, Sci-Fi",TV,13,7.37,5046
1942,22013,Ghost in the Shell: Nyuumon Arise,Comedy,TV,26,7.37,4636
1946,10189,Hunter x Hunter Pilot,"Action, Adventure, Shounen, Super Power",OVA,1,7.37,10375
1978,963,"Love Hina: Motoko no Sentaku, Koi ka Ken... ""Naku na""","Drama, Romance, Slice of Life",Special,1,7.36,28222
1984,31918,Owari no Seraph: Nagoya Kessen-hen - Owaranai Seraph - Nagoya Kessen-hen,"Comedy, Parody, Shounen",Special,4,7.36,11400
1985,9893,Suite Precure♪,"Action, Fantasy, Magic, Shoujo",TV,48,7.36,7314
1994,9925,Amagami SS: Tachibana Miya-hen - Imouto,School,Special,1,7.35,31019
1997,1723,Clannad Movie,"Drama, Fantasy, Romance, School",Movie,1,7.35,99506
2002,19951,Hunter x Hunter Movie: The Last Mission,"Action, Adventure, Shounen, Super Power",Movie,1,7.35,37633
2004,2544,Kazoku Robinson Hyouryuuki: Fushigi na Shima no Flone,"Adventure, Drama, Historical, Slice of Life",TV,50,7.35,1794
2006,3272,Kinnikuman,"Adventure, Comedy, Shounen, Sports",TV,137,7.35,3623
2007,1516,Kirarin☆Revolution,"Comedy, Drama, Romance, Shoujo",TV,153,7.35,14932
2009,11777,Lupin III: Chi no Kokuin - Eien no Mermaid,"Action, Adventure, Comedy, Shounen",Special,1,7.35,3069
2016,30714,Owari no Seraph: Owaranai Seraph,"Comedy, Police, Shounen, Supernatural, Vampire",Special,9,7.35,22823
2017,13073,Prince of Tennis: Another Story II - Ano Toki no Bokura OVA Bonus,"Shounen, Sports",Special,2,7.35,2978
2021,28621,Subete ga F ni Naru: The Perfect Insider,"Mystery, Psychological, Sci-Fi",TV,11,7.35,81230
2029,9120,Beelzebub: Hirotta Akachan wa Daimaou!?,"Action, Comedy, Demons, School, Shounen, Supernatural",Special,1,7.34,21212
2030,8915,Dantalian no Shoka,"Action, Historical, Mystery, Supernatural",TV,12,7.34,84779
2031,2803,Densetsu no Yuusha Da Garn,"Mecha, Sci-Fi, Shounen",TV,46,7.34,1897
2032,6988,Doraemon Movie 30: Nobita no Ningyo Daikaisen,"Adventure, Comedy, Fantasy, Kids, Shounen",Movie,1,7.34,1191
2033,11053,Doraemon Movie 32: Nobita to Kiseki no Shima - Animal Adventure,"Adventure, Comedy, Fantasy, Kids, Shounen",Movie,1,7.34,849
2036,21635,GJ-bu@,"Comedy, School, Slice of Life",Special,1,7.34,18894
2043,634,Koi Kaze,"Drama, Psychological, Romance, Seinen",TV,13,7.34,41250
2048,2736,Mojakou,"Comedy, Fantasy, Sci-Fi",TV,74,7.34,1218
2049,11033,"Natsu-iro Egao de 1, 2, Jump!",Music,Music,1,7.34,6939
2054,107,Ou Dorobou Jing,"Adventure, Comedy, Fantasy, Sci-Fi, Shounen",TV,13,7.34,21920
2055,2847,Pokemon Diamond & Pearl: Dialga vs. Palkia vs. Darkrai,"Action, Adventure, Comedy, Drama, Fantasy, Kids",Movie,1,7.34,38238
2059,1303,The Animatrix,"Action, Drama, Sci-Fi",OVA,9,7.34,42831
2060,4896,Umineko no Naku Koro ni,"Horror, Mystery, Psychological, Supernatural",TV,26,7.34,126865
2070,9379,Denpa Onna to Seishun Otoko,"Comedy, Sci-Fi, Seinen, Slice of Life",TV,12,7.33,149497
2075,1299,Flag,"Mecha, Military",ONA,13,7.33,10531
2076,29325,Ghost in the Shell: Arise - Alternative Architecture,"Mecha, Police, Psychological, Sci-Fi",TV,10,7.33,21805
2081,11313,Kimi no Iru Machi: Tasogare Kousaten,"Drama, Romance, School, Shounen",OVA,2,7.33,25799
2087,4879,Mouryou no Hako,"Mystery, Seinen, Supernatural, Thriller",TV,13,7.33,36075
2090,460,One Piece Movie 2: Nejimaki-jima no Daibouken,"Action, Adventure, Comedy, Fantasy, Shounen, Super Power",Movie,1,7.33,37792
2092,1846,Princess Nine: Kisaragi Joshikou Yakyuubu,"Drama, Romance, Sports",TV,26,7.33,5758
2097,3956,Shakugan no Shana II (Second) Specials,"Comedy, Parody",Special,3,7.33,34305
2103,11375,.hack//The Movie: Sekai no Mukou ni,"Action, Adventure, Fantasy, Game, Magic, Mystery, Sci-Fi",Movie,1,7.32,11617
2113,2624,"Flanders no Inu, Boku no Patrasche","Drama, Historical",TV,26,7.32,811
2118,16774,Inferno Cop,"Action, Police",ONA,13,7.32,37500
2119,28387,Joukamachi no Dandelion,"Comedy, Seinen, Slice of Life, Super Power",TV,12,7.32,64307
2124,1416,Lupin III: Dead or Alive,"Action, Adventure, Comedy, Shounen",Movie,1,7.32,4296
2128,14749,Ore no Kanojo to Osananajimi ga Shuraba Sugiru,"Comedy, Harem, Romance, School",TV,13,7.32,156116
2134,866,Slayers Premium,"Adventure, Comedy, Fantasy, Magic, Shounen",Movie,1,7.32,13008
2140,18441,Blood Lad: Wagahai wa Neko de wa Nai,"Action, Comedy, Demons, Seinen, Supernatural, Vampire",OVA,1,7.31,48728
2141,33929,Boku no Hero Academia: Jump Festa 2016 Special,"Action, Comedy, School, Shounen, Super Power",Special,1,7.32,17401
2152,32543,Lu Shidai 2nd Season,"Action, Adventure, Comedy, Game, Parody",ONA,13,7.31,740
2153,1429,Lupin III: Nusumareta Lupin,"Action, Adventure, Comedy, Shounen",Special,1,7.31,2694
2154,2818,Madou King Granzort,"Action, Comedy, Fantasy, Magic, Mecha, Sci-Fi, Shounen",TV,41,7.31,835
2162,3594,Tears to Tiara,"Action, Adventure, Fantasy, Magic",TV,26,7.31,50455
2164,3322,Wagaya no Oinari-sama.,"Adventure, Fantasy, Shounen, Supernatural",TV,24,7.31,23132
2168,12651,Danball Senki W,"Action, Kids, Mecha",TV,58,7.3,2088
2175,1358,Hokuto no Ken Movie,"Adventure, Sci-Fi, Shounen",Movie,1,7.3,9328
2179,1017,Majutsushi Orphen,"Action, Adventure, Comedy, Demons, Fantasy, Magic",TV,24,7.3,20105
2182,1847,Rec: Yurusarezarumono,"Comedy, Drama, Romance",Special,1,7.3,16654
2183,34085,Sakura Nagashi,"Action, Drama, Mecha, Music, Sci-Fi",Music,1,7.29,2945
2189,1920,Urusei Yatsura Movie 1: Only You,"Action, Adventure, Comedy, Drama, Romance, Sci-Fi",Movie,1,7.3,3818
2192,30205,Aoharu x Kikanjuu,"Action, Comedy, Shounen, Sports",TV,12,7.29,97674
2193,6164,Aoi Hana,"Romance, Shoujo Ai, Slice of Life",TV,11,7.29,43279
2201,7081,Danball Senki,"Action, Kids, Mecha",TV,44,7.29,3682
2206,395,Gantz 2nd Stage,"Action, Drama, Horror, Psychological, Sci-Fi, Supernatural",TV,13,7.29,87240
2227,8894,Yume-iro Pâtissière: Mune Kyun Tropical Island!,"Kids, School, Shoujo",Special,1,7.29,5984
2237,6463,Hoshi wo Katta Hi,"Kids, Sci-Fi",Movie,1,7.28,2814
2241,2834,Miracle☆Girls,"Drama, Magic, Shoujo",TV,51,7.28,2033
2244,14293,Nerawareta Gakuen,"Romance, School, Sci-Fi",Movie,1,7.28,44787
2247,8133,Precure All Stars Movie DX2: Kibou no Hikari☆Rainbow Jewel wo Mamore!,"Action, Fantasy, Magic, Shoujo",Movie,1,7.28,3046
2250,1108,Senkaiden Houshin Engi,"Adventure, Fantasy, Historical, Magic, Shounen, Supernatural",TV,26,7.28,10449
2252,4382,Suzumiya Haruhi no Yuuutsu (2009),"Comedy, Mystery, Parody, Romance, School, Sci-Fi, Slice of Life",TV,14,7.28,243448
2265,1845,Gaiking: Legend of Daiku-Maryu,"Action, Mecha, Sci-Fi",TV,39,7.27,2640
2267,2400,Ghost Sweeper GS Mikami,"Comedy, Supernatural",TV,45,7.27,5118
2268,2416,Grander Musashi RV,"Adventure, Sports",TV,39,7.27,987
2270,18713,Haiyore! Nyaruko-san: Yasashii Teki no Shitome-kata,"Comedy, Parody, Sci-Fi",OVA,1,7.27,14622
2271,990,Kamisama Kazoku,"Comedy, Drama, Fantasy, Romance",TV,13,7.27,32828
2272,144,Kanon,"Drama, Romance, Slice of Life, Supernatural",TV,13,7.27,41960
2279,279,Kyougoku Natsuhiko: Kousetsu Hyaku Monogatari,"Fantasy, Historical, Horror, Mystery, Psychological, Supernatural",TV,13,7.27,20859
2280,5019,Lupin III: Sweet Lost Night - Mahou no Lamp wa Akumu no Yokan,"Adventure, Comedy, Shounen",Special,1,7.27,2338
2288,5702,Sora wo Miageru Shoujo no Hitomi ni Utsuru Sekai,"Action, Fantasy, Magic, Romance, Super Power",TV,9,7.27,24799
2293,16866,Tonari no Kaibutsu-kun: Tonari no Gokudou-kun,"Comedy, Historical, Romance, Shoujo",OVA,1,7.27,46837
2305,2659,Doraemon Movie 14: Nobita to Buriki no Labyrinth,Fantasy,Movie,1,7.26,1181
2308,13183,Fate/Zero Remix,"Action, Fantasy, Supernatural",Special,2,7.26,10824
2337,2664,Doraemon Movie 19: Nobita no Nankai Daibouken,"Adventure, Comedy, Fantasy, Kids, Sci-Fi, Shounen",Movie,1,7.25,1327
2343,2264,Jungle Taitei Movie (1997),"Adventure, Fantasy",Movie,1,7.25,1771
2350,30014,Momokuri,"Comedy, Romance, Slice of Life",ONA,26,7.25,26147
2356,1538,Pumpkin Scissors,"Action, Comedy, Drama, Military",TV,24,7.25,23931
2359,2109,Rockman.EXE Stream,"Action, Adventure, Game, Mecha, School, Sci-Fi, Shounen",TV,51,7.25,4161
2363,3221,Shakugan no Shana Movie Special,"Adventure, Comedy, Fantasy, Parody",Special,1,7.25,19488
2375,6151,Final Fantasy VII: On the Way to a Smile - Episode: Denzel,"Action, Fantasy, Super Power",OVA,1,7.24,18795
2376,1179,Gakuen Senki Muryou,"Adventure, Mecha, Sci-Fi, Shounen, Space, Supernatural",TV,26,7.24,3108
2378,6610,Ibara no Ou,"Action, Mystery, Sci-Fi, Thriller",Movie,1,7.24,38670
2379,3270,IGPX: Immortal Grand Prix (2005),"Drama, Mecha, Sci-Fi, Shounen, Sports",TV,13,7.24,11386
2380,3421,Kodomo no Omocha,"Comedy, Drama, School, Shoujo",OVA,1,7.24,3118
2384,1164,Mahou Senshi Louie,"Adventure, Comedy, Fantasy, Magic, Shounen",TV,24,7.24,12687
2390,3363,RD Sennou Chousashitsu,"Action, Sci-Fi",TV,26,7.24,16331
2395,13171,Wasurenagumo,"Comedy, Supernatural",Movie,1,7.24,18000
2400,32313,Concrete Revolutio: Choujin Gensou - The Last Song,"Action, Demons, Drama, Fantasy, Mystery, Sci-Fi, Super Power, Supernatural",TV,11,7.23,16116
2402,2962,Digimon Adventure 02 Movies,"Adventure, Fantasy, Kids, Sci-Fi",Movie,2,7.23,26543
2405,5670,GA: Geijutsuka Art Design Class,"Comedy, School, Seinen, Slice of Life",TV,12,7.23,12825
2406,18411,Gingitsune,"Seinen, Slice of Life, Supernatural",TV,12,7.23,33429
2423,3079,Aoki Ryuusei SPT Layzner,"Mecha, Military, Sci-Fi, Shounen, Space",TV,38,7.22,2378
2427,2937,Bishoujo Senshi Sailor Moon R: Make Up! Sailor Senshi,Shoujo,Special,1,7.22,10441
2431,21797,Chuunibyou demo Koi ga Shitai! Ren Lite,"Comedy, School",ONA,6,7.22,31544
2434,5983,Higepiyo,Comedy,TV,39,7.22,4427
2436,29927,Kaguya-hime,"Historical, Kids",Movie,1,7.22,470
2443,5691,Rekka no Honoo: Final Burning,"Action, Adventure, Magic, Martial Arts, School, Sci-Fi, Super Power",Special,1,7.22,4083
2446,566,Tetsuwan Birdy,"Action, Comedy, Sci-Fi, Shounen",OVA,4,7.22,13855
2448,1543,Yoake Mae yori Ruriiro na: Crescent Love,"Comedy, Romance, School, Sci-Fi",TV,12,7.22,22770
2453,1312,Chikyuu Bouei Kigyou Dai-Guard,"Adventure, Comedy, Mecha, Military, Sci-Fi",TV,26,7.21,4838
2457,4156,Ichigo Mashimaro Episode 0,Comedy,Special,1,7.21,9610
2458,432,Iria: Zeiram The Animation,"Action, Adventure, Sci-Fi, Space",OVA,6,7.21,10208
2470,12221,Precure All Stars Movie New Stage: Mirai no Tomodachi,"Fantasy, Magic, Shoujo",Movie,1,7.21,2530
2475,9733,The TV Show,Music,Music,1,7.21,2066
2476,1539,Touch: Cross Road - Kaze no Yukue,"Romance, Shounen, Sports",Special,1,7.21,1513
2495,4851,Lupin III: Seven Days Rhapsody,"Action, Adventure, Comedy, Shounen",Special,1,7.2,2482
2499,3752,Nagagutsu wo Haita Neko: 80 Nichikan Sekai Isshuu,"Adventure, Kids",Movie,1,7.2,925
2500,4662,Neo Angelique Abyss: Second Age,"Adventure, Fantasy, Harem, Shoujo",TV,13,7.2,12975
2501,2490,One Piece: Mezase! Kaizoku Yakyuu Ou,"Comedy, Fantasy, Shounen, Sports",Movie,1,7.2,20054
2506,20047,Sakura Trick,"Comedy, Romance, School, Seinen, Shoujo Ai, Slice of Life",TV,12,7.2,108011
2509,8986,Supernatural The Animation,"Action, Demons, Horror, Supernatural",OVA,22,7.2,18528
2513,2331,Uchuu Densetsu Ulysses 31,"Action, Adventure, Sci-Fi, Space",TV,26,7.2,2297
2521,28539,Garo Movie: Divine Flame,"Action, Demons, Fantasy, Magic, Supernatural",Movie,1,7.18,7179
2528,33299,Magic-Kyun! Renaissance,"Magic, Music, Romance, School",TV,13,7.19,12095
2529,2931,Mokke,"Mystery, Slice of Life, Supernatural",TV,24,7.19,8362
2530,30016,Nanbaka,"Action, Comedy, Drama",TV,13,7.19,57325
2535,3614,Yakushiji Ryouko no Kaiki Jikenbo,"Mystery, Police, Supernatural",TV,13,7.19,11002
2539,493,Armitage III: Poly-Matrix,"Action, Adventure, Mecha, Military, Police, Romance, Sci-Fi",Movie,1,7.18,9186
2543,2651,Doraemon: Doraemon Comes Back (Movie),"Comedy, Fantasy, Kids",Movie,1,7.18,672
2545,32801,Dungeon ni Deai wo Motomeru no wa Machigatteiru Darou ka OVA,"Action, Adventure, Comedy, Fantasy, Romance",OVA,1,7.18,23370
2549,247,Harukanaru Toki no Naka de: Hachiyou Shou,"Demons, Fantasy, Historical, Magic, Shoujo, Supernatural",TV,26,7.18,14550
2550,8206,Hime Chen! Otogi Chikku Idol Lilpri,"Magic, Shoujo",TV,51,7.18,6118
2551,3027,Hokuto no Ken: Yuria-den,"Action, Adventure, Drama, Martial Arts",OVA,1,7.18,3713
2560,3059,Ninja Senshi Tobikage,"Adventure, Mecha, Sci-Fi, Shounen, Space",TV,43,7.18,1941
2563,11009,Pokemon 3D Adventure 2: Pikachu no Kaitei Daibouken,"Adventure, Comedy, Fantasy, Kids",Movie,1,7.18,5158
2570,10351,Tenchi Muyou! Ryououki 2nd Season Picture Drama,"Comedy, Sci-Fi, Shounen, Space",Special,1,7.18,3626
2571,448,Tenjou Tenge: The Ultimate Fight,"Adventure, Drama, Martial Arts, Romance, Shounen, Supernatural",OVA,2,7.18,29039
2576,31080,Anne Happy♪,"Comedy, School, Slice of Life",TV,12,7.17,32040
2577,284,Area 88 (TV),"Action, Drama, Military, Romance, Shounen",TV,12,7.17,7563
2578,286,B'T X,"Adventure, Mecha, Sci-Fi, Shounen",TV,25,7.17,5913
2579,23237,Chuunibyou demo Koi ga Shitai! Ren Specials,Comedy,Special,7,7.17,20337
2584,3110,Kaze no Naka no Shoujo: Kinpatsu no Jeanie,"Drama, Historical",TV,52,7.17,1414
2585,17741,Kimi no Iru Machi,"Drama, Romance, Slice of Life",TV,12,7.17,63418
2588,10690,Magic Tree House,"Adventure, Magic",Movie,1,7.17,3433
2604,7152,Anyamal Tantei Kiruminzoo,"Comedy, Magic, Shoujo",TV,50,7.16,3605
2606,1554,Asatte no Houkou.,"Drama, Supernatural",TV,12,7.16,16909
2607,751,Bomberman Jetters,"Action, Adventure, Comedy, Mystery, Sci-Fi, Shounen",TV,52,7.16,1876
2608,3432,Chou Mashin Eiyuuden Wataru,"Action, Adventure, Comedy, Mecha",TV,51,7.16,615
2613,16385,Dog Days'',"Action, Adventure, Fantasy, Magic",TV,12,7.16,34576
2617,9723,Hakuouki Hekketsuroku Episode 0,"Action, Drama, Harem, Historical, Josei, Samurai, Supernatural, Vampire",Special,1,7.16,8025
2620,20673,Hinata no Aoshigure,"Adventure, Fantasy, Romance",Movie,1,7.16,6970
2625,8097,Lupin III: The Last Job,"Adventure, Comedy, Shounen",Special,1,7.16,2685
2632,2489,Onegai My Melody,"Comedy, Fantasy, Magic",TV,52,7.16,3633
2639,758,RahXephon: Pluralitas Concentio,"Action, Drama, Mecha, Psychological, Romance, Sci-Fi",Movie,1,7.16,10524
2641,22663,Seiken Tsukai no World Break,"Action, Fantasy, Harem, Romance, School, Supernatural",TV,12,7.16,97401
2643,4021,Seiyou Kottou Yougashiten: Antique,"Comedy, Shoujo, Shounen Ai",TV,12,7.16,21937
2646,2170,Sousei no Aquarion OVA,"Action, Mecha, Romance, Sci-Fi, Super Power, Supernatural",OVA,2,7.16,7691
2652,20449,"Watashi ga Motenai no wa Dou Kangaetemo Omaera ga Warui!: Motenaishi, Nazomeite Miru","Comedy, School, Slice of Life",OVA,1,7.16,39779
2658,29437,Detective Conan: Happy New Year Special,"Action, Comedy, Mystery, Police, Shounen",Special,1,7.15,1202
2662,2819,Dragon Quest: Abel Yuusha Densetsu,"Action, Adventure, Fantasy, Shounen",TV,43,7.15,2104
2667,2891,Iblard Jikan,Fantasy,OVA,1,7.15,11116
2669,11299,Keroro Gunsou: KeroZero Shupattsudayo! Zeninshuugou!,"Action, Adventure, Comedy, Mecha, Shounen, Space",Special,1,7.15,683
2670,3483,Maison Ikkoku: Utsuriyuku Kisetsu no Naka de,"Comedy, Drama, Romance",OVA,1,7.15,1458
2676,2000,Roujin Z,"Comedy, Drama, Mecha, Sci-Fi",OVA,1,7.15,9358
2678,2758,Shippuu! Iron Leaguer,"Sci-Fi, Shounen, Sports",TV,52,7.15,432
2686,7113,30th Gundam Perfect Mission,"Mecha, Sci-Fi",OVA,1,7.14,3963
2702,7904,Kemono no Souja Erin: Soushuuhen,"Adventure, Drama, Fantasy, Historical, Slice of Life",TV,10,7.14,1386
2707,5520,Onegai My Melody Sukkiri♪,"Comedy, Fantasy, Magic",TV,52,7.14,966
2709,524,Onegai☆Twins: Natsu wa Owaranai,"Comedy, Drama, Romance",OVA,1,7.14,22614
2724,1022,Generator Gawl,"Action, Adventure, Comedy, Drama, Sci-Fi, Shounen",TV,12,7.13,5457
2730,31815,"Kono Danshi, Mahou ga Oshigoto Desu.","Fantasy, Magic, Shounen Ai",TV,4,7.13,9961
2731,1384,Kyuuketsuhime Miyu,"Action, Demons, Drama, Horror, Vampire",OVA,4,7.13,11019
2735,3136,Ochamegami Monogatari: Korokoro Pollon,"Comedy, Magic, Parody",TV,46,7.13,1049
2746,6941,Toriko: Jump Super Anime Tour 2009 Special,"Action, Adventure, Comedy, Shounen, Super Power",Special,1,7.13,4650
2747,961,Virtua Fighter,"Action, Adventure, Comedy, Martial Arts, Shounen",TV,35,7.13,3875
2754,10418,Deadman Wonderland OVA,"Action, Horror, Sci-Fi",OVA,1,7.12,78878
2759,18097,Inazuma Eleven Go: Galaxy,"Shounen, Sports, Super Power",TV,43,7.11,9258
2760,358,"Iriya no Sora, UFO no Natsu","Drama, Romance, Sci-Fi",OVA,6,7.12,18254
2769,1916,Mobile Suit Gundam MS IGLOO: Apocalypse 0079,"Mecha, Military, Sci-Fi, Space",OVA,3,7.12,7862
2774,2570,Ochame na Futago: Claire Gakuin Monogatari,"Comedy, Historical, Kids, School, Shoujo, Slice of Life",TV,26,7.12,1228
2782,5298,Yu☆Gi☆Oh! 5D's: Shinkasuru Kettou! Stardust vs. Red Demon's,"Fantasy, Game, Sci-Fi",Special,1,7.12,5176
2784,2810,Anime Himitsu no Hanazono,"Drama, Historical, Kids, Shoujo",TV,39,7.11,2188
2799,2157,Koutetsushin Jeeg,"Mecha, Sci-Fi",TV,13,7.11,3627
2802,20141,Lupin III: Princess of the Breeze - Kakusareta Kuuchuu Toshi,"Action, Adventure, Comedy, Shounen",Special,1,7.11,2083
2813,7014,Tezuka Osamu no Buddha: Akai Sabaku yo! Utsukushiku,"Drama, Historical, Military, Supernatural",Movie,1,7.11,4812
2818,3072,Uchuu Senkan Yamato: Kanketsu-hen,"Action, Adventure, Drama, Military, Sci-Fi, Space",Movie,1,7.11,1609
2821,5342,Asura Cryin',"Action, Mecha, Supernatural",TV,13,7.1,68608
2828,116,El Hazard: The Wanderers,"Adventure, Comedy, Fantasy, Romance",TV,26,7.1,9289
2831,33740,Katekyo Hitman Reborn! x ēlDLIVE Special,"Shounen, Super Power",Special,1,7.1,4371
2836,8234,Muumin,"Adventure, Comedy, Fantasy, Slice of Life",TV,65,7.1,2090
2838,525,Otogizoushi,"Adventure, Drama, Fantasy, Historical",TV,26,7.1,10591
2839,1122,Pokemon Advanced Generation: Rekkuu no Houmonsha Deoxys,"Action, Adventure, Comedy, Fantasy, Kids, Sci-Fi",Movie,1,7.1,45203
2841,6749,Prince of Tennis: The Band of Princes Film Kick the Future,"Action, Music",Music,1,7.1,3826
2853,5031,Cobra The Animation: Time Drive,"Action, Adventure, Sci-Fi, Space",OVA,2,7.09,2155
2860,2717,Ginga Tetsudou Monogatari: Eien e no Bunkiten,"Action, Adventure, Drama, Sci-Fi, Space",TV,24,7.09,2072
2861,21431,Gokukoku no Brynhildr,"Drama, Mystery, Sci-Fi, Seinen",TV,13,7.09,159899
2869,17635,Koitabi: True Tours Nanto,Romance,Special,6,7.09,7452
2872,1435,Lupin III: Lupin vs. Fukusei-ningen,"Action, Adventure, Comedy, Mystery, Shounen",Movie,1,7.09,4969
2875,621,Night Walker: Mayonaka no Tantei,"Action, Comedy, Horror, Mystery, Vampire",TV,12,7.09,11143
2876,6884,Ookami to Koushinryou II Specials,Fantasy,Special,2,7.09,34903
2888,4535,Candy Boy: Nonchalant Talk of the Certain Twin Sisters in Daily Life,"Romance, School, Shoujo Ai",ONA,7,7.08,43338
2890,1049,Cello Hiki no Gauche (1982),"Drama, Fantasy, Kids, Music",Movie,1,7.08,6524
2892,984,Dragon Ball Z: Saiya-jin Zetsumetsu Keikaku,"Adventure, Comedy, Fantasy, Sci-Fi, Shounen",OVA,2,7.08,21043
2898,5039,Kurozuka,"Action, Drama, Historical, Horror, Romance, Sci-Fi, Vampire",TV,12,7.08,52145
2899,1438,Lupin III: Lupin Ansatsu Shirei,"Action, Adventure, Comedy, Shounen",Special,1,7.08,3006
2915,11285,Black★Rock Shooter (TV),"Action, Drama, School, Slice of Life",TV,8,7.07,198991
2916,3407,Blassreiter,"Action, Sci-Fi",TV,24,7.07,55444
2917,31105,Buddy Complex: Daremo Shiranai Ashita e,"Action, Mecha, Sci-Fi",ONA,1,7.07,987
2921,127,Gate Keepers,"Action, Comedy, Fantasy, Mecha, Sci-Fi, Shounen",TV,24,7.07,14582
2923,3579,Getter Robo,"Action, Mecha, Sci-Fi, Shounen",TV,51,7.07,2938
2929,6293,Koukou Butouden Crows,"Action, School, Shounen",OVA,2,7.07,1509
2931,2751,Miyori no Mori,"Drama, Fantasy, Slice of Life",Special,1,7.07,6273
2932,31138,Overlord: Ple Ple Pleiades,"Action, Comedy, Fantasy, Magic",Special,8,7.07,25625
2936,4810,Shinzou Ningen Casshern,Action,TV,35,7.07,2822
2958,1637,Kaze to Ki no Uta Sanctus: Sei Naru Kana,"Drama, Historical, Romance, Shoujo, Shounen Ai",OVA,1,7.06,6105
2962,9712,Maria†Holic Alive,"Comedy, Parody, School, Shoujo Ai",TV,12,7.06,40502
2972,10014,Shouwa Monogatari,"Drama, Historical",TV,13,7.06,3563
2980,1798,Animation Seisaku Shinkou Kuromi-chan 2,"Comedy, Drama, Parody",OVA,1,7.05,3841
2983,1844,CLAMP Gakuen Tanteidan,"Action, Comedy, Mystery",TV,26,7.05,7830
2985,502,Dragon Ball Movie 1: Shen Long no Densetsu,"Action, Adventure, Comedy, Fantasy, Shounen, Super Power",Movie,1,7.05,30279
2994,5235,Live On Cardliver Kakeru,"Fantasy, Game",TV,51,7.05,528
2995,1400,Macross 7 Movie: Ginga ga Ore wo Yondeiru!,"Action, Adventure, Comedy, Drama, Mecha, Music, Sci-Fi, Shounen",Movie,1,7.05,5270
2999,19845,Ore no Imouto ga Konnani Kawaii Wake ga Nai.: SD Chara ni Yoru Short Movie,Comedy,Special,13,7.05,6311
3009,1720,To Heart 2 OVA,"Comedy, Drama, Harem, Romance, School",OVA,3,7.05,4754
3010,30547,Touhou Niji Sousaku Doujin Anime: Musou Kakyou Special,"Fantasy, Magic",OVA,1,7.05,2540
3017,280,Animal Yokochou,"Adventure, Comedy, Fantasy, Shoujo",TV,51,7.04,1511
3018,1797,Animation Seisaku Shinkou Kuromi-chan,"Comedy, Drama, Parody",OVA,1,7.04,5794
3021,17827,Daitoshokan no Hitsujikai,"Harem, Romance, School",TV,12,7.04,46874
3023,28221,Etotama,"Action, Comedy, Fantasy",TV,12,7.04,36463
3025,19261,Gintama x Mameshiba,"Comedy, Parody",Special,6,7.04,5566
3027,2280,Hare Tokidoki Buta (TV),Comedy,TV,61,7.04,607
3028,2999,Hi no Tori: Yamato-hen,"Drama, Historical",OVA,1,7.04,1069
3032,580,Kogepan,Comedy,TV,10,7.04,4436
3034,1431,Lupin III: Ai no Da Capo - Fujiko's Unlucky Days,"Action, Adventure, Comedy, Shounen",Special,1,7.04,3279
3037,1951,Manie-Manie: Meikyuu Monogatari,"Adventure, Fantasy, Horror, Sci-Fi, Supernatural",Movie,3,7.04,9568
3039,30514,Nisekoimonogatari,Music,ONA,1,7.04,17116
3042,33606,One Piece Film: Gold Episode 0 - 711 ver.,"Action, Adventure, Comedy, Fantasy, Shounen, Super Power",Special,1,7.04,4166
3043,17115,Pokemon Best Wishes! Season 2: Episode N,"Action, Adventure, Comedy, Fantasy, Kids",TV,14,7.04,13647
3046,32160,Precure All Stars Movie: Minna de Utau♪ - Kiseki no Mahou,"Action, Comedy, Fantasy, Magic, Music, Shoujo",Movie,1,7.04,699
3055,711,Uchuu Senkan Yamato (Movie),"Drama, Military, Sci-Fi, Space",Movie,1,7.04,2154
3065,891,Dragon Ball Movie 2: Majinjou no Nemuri Hime,"Action, Adventure, Comedy, Fantasy, Sci-Fi, Shounen, Super Power",Movie,1,7.03,27194
3066,12035,Dwaejiui Wang,"Drama, Psychological, Seinen, Thriller",Movie,1,7.03,2697
3078,2613,Mirai Shounen Conan 2: Taiga Daibouken,"Adventure, Drama, Sci-Fi",TV,24,7.03,931
3083,28431,Pokemon Omega Ruby & Alpha Sapphire: Mega Special Animation,"Action, Adventure, Fantasy, Kids",ONA,1,7.04,4068
3086,28105,Shirobako Specials,"Adventure, Comedy",Special,2,7.03,11669
3090,2832,Ani*Kuri15,"Adventure, Comedy, Drama, Fantasy, Game, Magic, Martial Arts, Mecha, School, Sci-Fi, Slice of Life, Super Power, Supernatural",Special,15,7.02,12926
3114,212,Project A-Ko,"Action, Adventure, Comedy, Mecha, Sci-Fi, Super Power",Movie,1,7.02,7846
3125,1024,Weiß Kreuz OVA,"Action, Drama",OVA,2,7.02,4296
3131,2122,Captain Tsubasa: Saikyou no Teki! Holland Youth,"Action, Shounen, Sports",OVA,1,7.01,2313
3147,2016,Mermaid Forest OVA,"Drama, Fantasy, Horror, Mystery",OVA,1,7.01,3708
3149,9693,Moshidora,"Drama, Sports",TV,10,7.01,15952
3152,561,Sakura Taisen,"Adventure, Mecha, Sci-Fi, Shounen",TV,25,7.01,11293
3161,30355,Wakaba*Girl,"Comedy, School, Slice of Life",TV,13,7.01,22773
3166,6246,Black Jack: Sora kara Kita Kodomo,Drama,OVA,1,7.0,1595
3169,2121,Captain Tsubasa: Sekai Daikessen!! Jr. World Cup,"Action, Shounen, Sports",Movie,1,7.0,2334
3170,32483,Cheer Danshi!!,"School, Sports",TV,12,7.0,29219
3172,22699,Dragon Ball Z: Zenbu Misemasu Toshi Wasure Dragon Ball Z!,"Action, Adventure, Comedy, Fantasy, Martial Arts, Shounen, Slice of Life, Super Power",Special,1,7.0,4153
3180,1792,Overman King Gainer,"Action, Adventure, Mecha, Sci-Fi, Shounen",TV,26,7.0,6551
3181,13377,Recorder to Randoseru Re♪,"Comedy, School, Seinen, Slice of Life",TV,13,7.0,17283
3184,884,Shin Angyo Onshi,"Action, Fantasy",Movie,1,7.0,13231
3194,896,Dragon Ball Z Movie 03: Chikyuu Marugoto Choukessen,"Adventure, Comedy, Fantasy, Sci-Fi, Shounen",Movie,1,6.99,57840
3197,603,Futari wa Precure,"Action, Comedy, Fantasy, Magic, Shoujo",TV,49,6.99,17671
3207,6794,Kurokami: Tora to Tsubasa,"Action, Martial Arts, Super Power",Special,1,6.99,6302
3209,32153,Mahou Shoujo Madoka★Magica: Concept Movie,"Drama, Magic, Psychological, Thriller",Movie,1,6.99,5452
3212,1935,Megazone 23,"Action, Mecha, Music, Mystery, Romance, Sci-Fi",OVA,4,6.99,6483
3214,800,NieA Under 7,"Comedy, Sci-Fi, Slice of Life",TV,13,6.99,16711
3220,8800,Senkou no Night Raid Specials,"Action, Historical, Military, Super Power",Special,3,6.99,3667
3223,3317,Uchuusen Sagittarius,"Adventure, Sci-Fi",TV,77,6.99,370
3232,10259,Da Yu Hai Tang,"Adventure, Supernatural",Movie,1,6.98,7639
3234,2646,Dorami & Doraemons: Robot School's Seven Mysteries,Fantasy,Movie,1,6.98,569
3239,31068,Hime Chen! Otogi Chikku Idol Lilpri (2011),"Magic, Shoujo",TV,51,6.98,464
3240,3349,Kiddy GiRL-AND,"Action, Comedy, Sci-Fi, Super Power",TV,24,6.98,13368
3261,1804,Koko wa Green Wood,"Comedy, Drama, Romance, Shoujo, Slice of Life, Supernatural",OVA,6,6.97,4176
3263,1398,Macross Dynamite 7,"Adventure, Comedy, Mecha, Sci-Fi, Shounen",OVA,4,6.97,7280
3269,1727,Shinkyoku Soukai Polyphonica,"Drama, Fantasy, Music, Romance, School",TV,12,6.97,22282
3270,8017,Soukou Kihei Votoms: Gen-ei Hen,"Action, Drama, Mecha, Military, Sci-Fi",OVA,6,6.97,1454
3273,21065,Yakusoku (ONA),"Drama, Music",ONA,1,6.97,615
3274,882,Yuu☆Yuu☆Hakusho (Movie),"Action, Adventure, Comedy",Movie,1,6.97,13904
3279,2520,Dragon Ball Specials,"Comedy, Fantasy, Shounen, Super Power",Special,2,6.96,14575
3299,244,Agatha Christie no Meitantei Poirot to Marple,"Historical, Mystery",TV,39,6.95,3933
3304,22057,"Inari, Konkon, Koi Iroha.: Inari, Konkon, Semishigure.","Comedy, Romance, Seinen, Supernatural",OVA,1,6.95,12930
3311,83,Mobile Suit Gundam: The 08th MS Team - Miller's Report,"Drama, Mecha, Military, Romance, Sci-Fi",Movie,1,6.95,8078
3315,33569,Re:Petit kara Hajimeru Isekai Seikatsu,"Adventure, Comedy, Fantasy",Special,14,6.95,14310
3318,538,Shin Tenchi Muyou!,"Comedy, Harem, Romance, Sci-Fi, Shounen",TV,26,6.95,22621
3320,3086,Strait Jacket,"Action, Fantasy, Sci-Fi",OVA,3,6.95,18975
3326,285,Argento Soma,"Action, Adventure, Drama, Mecha, Military, Sci-Fi",TV,25,6.94,12809
3327,5311,Astroganger,"Action, Mecha, Sci-Fi",TV,26,6.94,492
3332,13281,FlashBack,Music,Music,1,6.94,1508
3341,1018,Majutsushi Orphen: Revenge,"Adventure, Comedy, Fantasy, Magic, Shounen",TV,23,6.94,9126
3343,5249,Mitsume ga Tooru,Adventure,TV,48,6.94,383
3345,25805,Pokemon the Movie XY: Ring no Choumajin Hoopa,"Adventure, Fantasy, Kids",Movie,1,6.94,7636
3350,2316,Akakichi no Eleven,Sports,TV,52,6.93,957
3353,13029,Arashi no Yoru ni: Himitsu no Tomodachi,"Adventure, Drama",TV,26,6.93,1597
3358,2645,Dorami & Doraemons: Space Land's Critical Event,"Adventure, Comedy, Fantasy, Kids, Sci-Fi, Shounen",Movie,1,6.93,457
3368,5296,Jigoku Sensei Nube: Kyoufu no Natsu Yasumi! Asashi no Uni no Gensetsu,"Action, Horror, School, Shounen, Supernatural",Movie,1,6.93,1070
3373,6199,Mai-Otome Zwei Special,Magic,Special,1,6.93,2512
3376,2614,Mirai Shounen Conan: Tokubetsu-hen - Kyodaiki Gigant no Fukkatsu,"Adventure, Drama, Sci-Fi",Movie,1,6.93,753
3378,7474,"Onegai☆Teacher: Marie, Ai no Gekijou","Comedy, Drama, Romance, Sci-Fi",Special,1,6.93,7254
3379,14685,Onegai☆Teacher: Reminiscence Disc,"Comedy, Romance, Sci-Fi",OVA,1,6.93,2503
3380,9883,Osomatsu-kun (1988),Comedy,TV,86,6.93,1723
3381,1121,Pokemon Advanced Generation: Nanayo no Negaiboshi Jirachi,"Adventure, Comedy, Drama, Fantasy, Kids",Movie,1,6.93,43444
3382,3765,Pygmalio,"Adventure, Fantasy",TV,39,6.93,533
3410,3159,The Kabocha Wine,"Comedy, Romance, School, Slice of Life",TV,95,6.92,871
3411,33037,Tsukiuta. The Animation,Music,TV,13,6.92,11183
3429,8228,Jigoku Sensei Nube: Gozen 0 toki Nube Shisu,"Adventure, Comedy, Horror, School, Shounen, Supernatural",Movie,1,6.91,913
3431,8078,Kure-nai OVA,"Action, Comedy",OVA,2,6.91,9853
3432,6741,Makai Senki Disgaea: Welcome to Netherworld,"Action, Comedy, Demons, Fantasy, Magic",Special,1,6.91,3415
3444,18121,Teekyuu 2,"Comedy, School, Shounen, Sports",TV,12,6.91,15887
3445,605,Tenshi ni Narumon!,"Comedy, Fantasy, Romance",TV,26,6.91,3847
3448,4804,To Heart 2 AD Plus,Romance,OVA,2,6.91,3772
3449,23405,Tokyo Ravens: Kon ga Oshiete Moshi Agemasu! Maru Wakari Tokyo Ravens,"Shounen, Supernatural",ONA,3,6.91,5949
3456,2166,Doujin Work,"Comedy, Slice of Life",TV,12,6.9,20504
3459,6735,Ginga Tetsudou 999: Kimi wa Haha no You ni Aiseru ka!!,"Sci-Fi, Space",Special,1,6.9,730
3464,2938,Idol Densetsu Eriko,Music,TV,51,6.9,1776
3465,704,Kanon Kazahana,"Drama, Romance, Slice of Life, Supernatural",Special,1,6.9,9693
3471,860,Makai Senki Disgaea,"Action, Comedy, Demons, Fantasy, Magic",TV,12,6.9,30146
3481,965,Yoshinaga-san'chi no Gargoyle,"Comedy, Fantasy, Slice of Life",TV,13,6.9,3204
3485,1599,Eat-Man '98,"Action, Adventure, Sci-Fi, Shounen, Super Power",TV,12,6.89,2757
3493,17725,Magical☆Star Kanon 100%,"Magic, Music, Shounen",OVA,1,6.89,18291
3498,1597,Panyo Panyo Di Gi Charat,Comedy,TV,48,6.89,3207
3505,8754,Tales of the Abyss Special Fan Disc,"Comedy, Slice of Life",Special,2,6.89,2975
3510,14117,Blood-C: Special Edition,"Action, Horror, School, Supernatural, Vampire",Special,2,6.88,6993
3515,296,Dragon Drive,"Action, Adventure, Comedy, Fantasy, School, Sci-Fi, Shounen",TV,38,6.88,14232
3546,9957,Hoshizora no Violin,"Historical, Slice of Life",Movie,1,6.87,482
3553,1074,Naruto Narutimate Hero 3: Tsuini Gekitotsu! Jounin vs. Genin!! Musabetsu Dairansen taikai Kaisai!!,"Adventure, Comedy, Game, Shounen",OVA,1,6.87,45188
3557,7016,Senjou no Valkyria: SenVal Theater,Comedy,Special,9,6.87,8006
3564,5505,Viper's Creed,"Action, Military, Sci-Fi",TV,12,6.87,7393
3580,15895,Hiyokoi (2012),"Romance, School, Shoujo",Special,3,6.86,13168
3585,12659,Nisoku Hokou,Music,Music,1,6.86,1116
3590,23871,Puchimas!!: Petit Petit iDOLM@STER - Fuyu→Kotatsu←Haru,"Comedy, Music, Slice of Life",OVA,1,6.85,1246
3594,7536,Soukou Kihei Votoms: Pailsen Files the Movie,"Mecha, Military, Sci-Fi, Space",Movie,1,6.86,915
3598,22759,Toaru Kagaku no Railgun S: Daiji na Koto wa Zenbu Sentou ni Osowatta,Comedy,OVA,1,6.86,13119
3601,13047,Anime Koukyoushi: Jungle Taitei,"Adventure, Kids, Shounen",OVA,1,6.85,407
3613,18053,Koi to Senkyo to Chocolate: Ikenai Hazuki-sensei,"Drama, Romance, School",Special,1,6.85,3526
3618,17585,Myself ; Yourself Specials,"Drama, Romance, School",Special,2,6.85,4128
3619,10114,Nintama Rantarou Movie: Ninjutsu Gakuen Zenin Shutsudou! no Dan,"Comedy, Shounen",Movie,1,6.85,297
3625,4031,Sakigake!! Otokojuku Movie,"Action, Comedy, Martial Arts, School, Shounen",Movie,1,6.85,1060
3628,2811,Soratobu Yuureisen,"Adventure, Drama, Mecha, Sci-Fi",Movie,1,6.85,2634
3629,2620,Spider Riders: Yomigaeru Taiyou,"Action, Adventure, Mecha",TV,26,6.85,1889
3635,4339,Ashita e Attack!,"Drama, School, Sports",TV,23,6.84,616
3641,13755,Feeling from Mountain and Water,Music,Movie,1,6.82,437
3645,5036,Hurricane Live! 2033,Music,Special,7,6.84,972
3646,5129,Jikuu Boukenki Zentrix,"Adventure, Mecha, Sci-Fi",TV,26,6.84,392
3650,4468,Nagagutsu wo Haita Neko no Bouken,"Adventure, Fantasy",TV,26,6.84,378
3651,1247,Project BLUE Chikyuu SOS,"Adventure, Comedy, Sci-Fi, Shounen",TV,6,6.84,1892
3656,14853,Tsukumo,"Historical, Supernatural",Movie,1,6.84,3772
3657,447,Weiß Kreuz,"Action, Drama, Shounen",TV,25,6.84,13039
3658,10532,Working'!! Announcement Specials,Comedy,ONA,2,6.84,8973
3664,24823,Days,Music,Music,1,6.83,2907
3680,10197,Nyanpire The Animation,"Comedy, Supernatural",TV,12,6.83,19161
3681,1300,Omishi Mahou Gekijou: Risky/Safety,"Comedy, Shoujo",TV,24,6.83,2230
3691,1001,Tide-Line Blue Special,"Adventure, Drama, Shounen",Special,1,6.83,1345
3697,14355,Yama no Susume,"Adventure, Comedy, Slice of Life",TV,12,6.83,27487
3699,19429,Akuma no Riddle,"Action, School, Shoujo Ai",TV,12,6.82,127641
3705,6855,Da Nao Tiangong,Adventure,Movie,1,6.82,342
3714,26063,Kaibutsu Oujo (OVA) Specials,"Adventure, Comedy, Horror, Shounen, Supernatural",Special,3,6.82,922
3716,3935,Karakuri Kiden: Hiwou Senki,"Action, Adventure, Historical, Mecha",TV,26,6.82,719
3726,27419,"Tari Tari: Kumottari, Kagayaitari, Mata Itsuka Utattari","Music, School, Slice of Life",Special,1,6.82,3466
3728,23067,Tenkai Knights,"Action, Adventure, Comedy, Kids, Mecha, Sci-Fi, Shounen, Super Power",TV,52,6.82,1249
3735,1593,Azumanga Web Daioh,"Comedy, School, Slice of Life",ONA,1,6.81,21904
3747,6733,Ginga Tetsudou 999: Kimi wa Senshi no You ni Ikirareru ka?,"Drama, Sci-Fi, Space",Special,1,6.81,783
3749,21541,Hentai Ouji to Warawanai Neko.: Henneko BBS,Comedy,Special,13,6.81,15586
3750,17919,Houkago no Pleiades (TV),"Magic, Space",TV,12,6.81,20062
3754,667,Kashimashi: Girl Meets Girl,"Comedy, Drama, Romance, School, Shoujo Ai, Slice of Life",TV,12,6.81,32198
3757,25939,Mahou Shoujo Lyrical Nanoha ViVid,"Action, Adventure, Magic",TV,12,6.81,11952
3761,1109,Monster Extra,"Drama, Horror, Mystery, Seinen",Special,1,6.81,6004
3771,5201,Salad Juu Yuushi Tomatoman,"Adventure, Comedy",TV,50,6.81,443
3774,19391,Shingeki no Kyojin Picture Drama,"Comedy, Parody",Special,9,6.81,26363
3775,420,Spriggan,"Adventure, Military, Sci-Fi, Shounen",Movie,1,6.81,13256
3790,2653,Doraemon: Ganbare! Gian!!,"Adventure, Comedy, Fantasy, Kids, Shounen",Movie,1,6.8,524
3791,1317,Eyeshield 21: Maboroshi no Golden Bowl,"Shounen, Sports",Movie,1,6.8,5611
3800,1904,Harukanaru Toki no Naka de 2: Shiroki Ryuu no Miko,"Demons, Fantasy, Historical, Magic, Romance, Shoujo, Supernatural",OVA,3,6.8,2051
3803,1204,Kujira no Chouyaku,"Drama, Fantasy, Kids",Movie,1,6.8,4670
3813,18099,Recorder to Randoseru Mi☆,"Comedy, School, Seinen, Slice of Life",TV,12,6.8,12240
3822,6670,8-gatsu no Symphony: Shibuya 2002-2003,Music,Movie,1,6.79,789
3826,3271,Bakuto Sengen Daigander,"Adventure, Mecha, Sci-Fi, Shounen",TV,39,6.79,1174
3828,7619,Gegege no Kitarou (1996),"Adventure, Demons, Supernatural",TV,114,6.79,839
3829,5936,Hashire! Shiroi Ookami,Drama,Movie,1,6.79,485
3833,3394,Kimagure Orange☆Road: Shounen Jump Special,"Drama, Romance, Shounen",OVA,1,6.79,1942
3838,3057,Loveless Specials,"Comedy, Fantasy, Romance, Shounen Ai, Supernatural",Special,6,6.79,11846
3842,29855,Meiji Tokyo Renka Movie: Yumihari no Serenade,"Fantasy, Harem, Romance, Shoujo",Movie,1,6.79,5745
3844,3438,Moero! Top Striker,"Action, Shounen, Sports",TV,49,6.79,2072
3847,32625,Okusama ga Seitokaichou! OVA: Okusama Gekijou,"Comedy, Shounen",Special,7,6.79,2572
3848,23299,Pokemon Best Wishes! Season 2: Decolora Adventure - Iris vs. Ibuki! Dragon Master e no Michi!!,"Action, Adventure, Comedy, Fantasy, Kids",Special,1,6.79,2935
3852,1544,Super Robot Taisen OG The Animation,"Mecha, Sci-Fi, Shounen, Space",OVA,3,6.79,2653
3856,3835,Ai no Gakko Cuore Monogatari,"Drama, Historical, Slice of Life",TV,26,6.78,1082
3857,25241,Akame ga Kill! Theater,Comedy,ONA,24,6.78,26852
3883,6666,Passion,Music,Music,1,6.78,2100
3885,9107,Pokemon Best Wishes!,"Action, Adventure, Comedy, Fantasy, Kids",TV,84,6.78,33730
3887,5256,"Pokemon Fushigi no Dungeon: Toki no Tankentai, Yami no Tankentai","Adventure, Fantasy",Special,1,6.78,6671
3888,6877,Pokemon: Bokutachi Pichu Brothers - Party wa Oosawagi! no Maki,"Adventure, Comedy, Fantasy, Kids",Special,1,6.78,6907
3891,26019,Rokujouma no Shinryakusha!?,"Comedy, Romance, School, Supernatural",Special,1,6.78,3280
3908,7307,Gegege no Kitarou (1985),"Comedy, Supernatural",TV,108,6.77,573
3913,12991,Katte ni Kaizou Specials,"Comedy, Parody, School, Sci-Fi, Shounen",Special,3,6.77,1736
3921,26351,Nagato Yuki-chan no Shoushitsu,"Comedy, Romance, School, Seinen, Slice of Life",TV,16,6.77,62601
3943,2319,Freedom Previsited,"Action, Adventure, Sci-Fi",OVA,1,6.76,1990
3951,17655,Mobile Suit Gundam AGE: Memory of Eden,"Action, Drama, Mecha, Military, Sci-Fi",OVA,2,6.76,2405
3959,16718,SKET Dance: SD Character Flash Anime,"Comedy, School, Shounen",ONA,16,6.76,2017
3964,17233,The House,"Drama, Fantasy, Kids",Movie,1,6.76,242
3975,9706,Canaan: Minorikawa Report 201X Shanghai,"Action, Seinen",Special,1,6.75,5516
3977,2627,Doraemon: It's New Year!,"Comedy, Kids, Sci-Fi, Shounen",Special,1,6.75,476
3980,504,Fatal Fury: The Motion Picture,"Action, Adventure, Drama, Martial Arts, Romance, Shounen",Movie,1,6.75,7101
3991,16906,Line Offline: Salaryman,Comedy,TV,114,6.75,1190
3992,1445,Mach GoGoGo,"Adventure, Cars, Shounen, Sports",TV,52,6.75,6253
4001,28619,Ranpo Kitan: Game of Laplace,Mystery,TV,11,6.75,66777
4003,4173,Shigofumi Picture Drama,Comedy,Special,7,6.75,2804
4008,12935,Utakata Hanabi,Music,Music,1,6.75,1375
4013,1998,Amazing Nuts!,"Adventure, Music, Police, Romance, Sci-Fi",Music,4,6.74,6650
4015,4197,Blue Dragon: Tenkai no Shichi Ryuu,"Adventure, Comedy, Fantasy, Supernatural",TV,51,6.74,6667
4016,1194,Coyote Ragtime Show,"Action, Adventure, Comedy, Mecha, Sci-Fi, Shounen",TV,12,6.74,13036
4017,5618,Dokonjou Gaeru,"Comedy, Slice of Life",TV,103,6.74,378
4024,6975,Koro no Dai Sanpo,Adventure,Special,1,6.74,1055
4025,3866,Kuro ga Ita Natsu,"Drama, Historical",Movie,1,6.74,344
4041,10390,.hack//Quantum: Sore ike! Bokura no Chimuchimu-chan!!,"Comedy, Game",Special,3,6.73,5249
4055,6117,Gokujou!! Mecha Mote Iinchou,"Comedy, Romance, School, Shoujo",TV,51,6.73,4162
4064,9934,Nekogami Yaoyorozu,"Comedy, Seinen, Slice of Life, Supernatural",TV,12,6.73,12486
4066,32383,Osomatsu-san Short Film Series,"Comedy, Parody",Special,8,6.73,3051
4070,3806,Sasuga no Sarutobi,"Action, Adventure, Comedy, Martial Arts, Romance, Sports",TV,69,6.73,483
4071,8542,Shin Ace wo Nerae!,"Drama, Romance, School, Shoujo, Sports",TV,25,6.73,562
4086,5266,Choujuu Kishin Dancougar: God Bless Dancougar,"Action, Mecha, Sci-Fi",OVA,1,6.72,667
4087,4450,Chrno Crusade: Az demo Wakaru Chrno Crusade Kouza,"Adventure, Comedy, Demons, Historical, Supernatural",Special,11,6.72,8496
4088,1853,Cutey Honey F,"Action, Adventure, Comedy, Magic, Romance, Sci-Fi, Shoujo",TV,39,6.72,3495
4103,4119,Juushin Liger,"Action, Mecha, Sci-Fi",TV,43,6.72,575
4110,3641,Naisho no Tsubomi,"Kids, Romance, School, Shoujo, Slice of Life, Supernatural",OVA,3,6.72,5135
4121,2284,Transformers: Car Robots,"Adventure, Comedy, Mecha, Sci-Fi, Shounen",TV,39,6.72,2524
4125,446,Weiß Kreuz Glühen,"Action, Drama, Shounen",TV,13,6.72,7043
4131,16119,Chouyaku Hyakuninisshu: Uta Koi. - Sake to Kikoushi ~ Murasaki Kishikibu to Kintou,"Historical, Josei",Special,1,6.71,1029
4135,4244,Ginga Shippuu Sasuraiger,"Action, Adventure, Mecha",TV,43,6.71,399
4139,2074,Kero Kero Chime,"Adventure, Comedy, Fantasy",TV,30,6.71,567
4141,20723,Kyousou Giga (TV) Recaps,"Action, Fantasy, Supernatural",Special,2,6.71,7322
4145,33181,Nijiiro Days OVA,"Comedy, Romance, School, Shoujo, Slice of Life",OVA,1,6.73,4088
4148,32360,Qualidea Code,"Action, Magic, Supernatural",TV,12,6.71,56854
4155,916,Tokkou,"Action, Comedy, Horror, Mystery, Police, Supernatural",TV,13,6.71,30836
4159,6748,Yokuwakaru Gendaimahou 00,"Comedy, Magic",Special,1,6.71,4991
4160,3325,Yuusha Exkaiser,"Action, Mecha, Sci-Fi, Shounen",TV,48,6.71,648
4166,2804,Hana no Mahoutsukai Mary Bell,"Adventure, Fantasy, Magic, Shoujo",TV,50,6.7,1033
4168,2086,NG Knight Ramune & 40 DX: Wakuwaku Jikuu - Honoo no Daisousasen,"Adventure, Comedy, Fantasy, Shounen",OVA,3,6.7,421
4174,30103,Precure All Stars Movie: Haru no Carnival♪ - Ima Koko kara,"Fantasy, Magic, Music, Shoujo",Music,1,6.7,501
4178,33173,Sansha Sanyou Specials,"Comedy, School, Slice of Life",Special,3,6.7,2177
4194,2211,Jumping,Adventure,Movie,1,6.69,2341
4196,1658,Karakuri no Kimi,"Action, Comedy, Fantasy, Historical, Horror, Martial Arts, Samurai, Shounen, Supernatural",OVA,1,6.69,2884
4220,16518,Arata Kangatari,"Adventure, Fantasy, Shounen",TV,12,6.68,38819
4221,11103,Busou Shinki Moon Angel,"Action, Sci-Fi",ONA,10,6.68,9743
4222,6383,Chargeman Ken!,"Action, Adventure, Sci-Fi, Shounen",TV,65,6.68,427
4226,1661,Cutey Honey,"Action, Adventure, School, Sci-Fi",TV,25,6.68,6596
4228,11385,Digimon Xros Wars: Toki wo Kakeru Shounen Hunter-tachi,"Action, Adventure, Comedy, Fantasy, Shounen",TV,25,6.68,11963
4233,1694,iDOLM@STER Xenoglossia,"Action, Comedy, Mecha, Sci-Fi",TV,26,6.68,15338
4235,23711,Kakumei no Wakaki Sora,"Drama, Historical",OVA,1,6.68,379
4237,2568,Kojika Monogatari,Drama,TV,52,6.68,291
4244,5957,Nyoro-n Churuya-san,Comedy,ONA,13,6.68,21340
4247,4794,Pokemon: Pikachu no Dokidoki Kakurenbo,"Adventure, Comedy, Fantasy, Kids",Movie,1,6.68,7539
4250,12267,Takara-sagashi,"Adventure, Fantasy, Kids",Movie,1,6.68,533
4251,2686,Tetsujin 28-gou,"Adventure, Mecha, Sci-Fi, Shounen",TV,96,6.68,1194
4254,7568,Umineko no Naku Koro ni Specials,"Comedy, Parody",Special,26,6.68,10913
4265,1348,Bubblegum Crash,"Action, Adventure, Mecha, Sci-Fi, Shounen",OVA,3,6.67,4826
4283,5288,RahXephon Specials,"Action, Drama, Mecha, Music, Mystery, Romance, Sci-Fi",Special,2,6.67,2566
4284,31593,Rokka no Yuusha Picture Drama,"Action, Adventure, Fantasy, Magic, Mystery",Special,3,6.68,3912
4290,9494,Soukyuu no Fafner: Arcadian Memory,"Action, Drama, Mecha, Military, Sci-Fi",OVA,2,6.67,1723
4291,13679,Tottoko Hamtarou Hai!,"Adventure, Kids",TV,77,6.67,1616
4297,3389,Bus Gamer,Action,TV,3,6.66,20550
4301,3185,Fortune Quest L,"Adventure, Comedy, Fantasy, Magic",TV,26,6.66,845
4302,11307,Ginga Patrol PJ,"Drama, Military, Sci-Fi, Space",TV,26,6.66,316
4304,2895,Kujiratori,Adventure,Movie,1,6.66,1572
4310,31144,Mottainai,Slice of Life,Special,1,6.66,2234
4316,10916,Pokemon: Pikachu no Fuyuyasumi (2000),"Adventure, Comedy, Fantasy, Kids",OVA,2,6.67,4379
4319,10384,Sono Hanabira ni Kuchizuke wo: Reo x Mai Diaries,"Comedy, Romance, School, Shoujo Ai",ONA,10,6.66,5125
4324,5535,Tottoi,"Adventure, Drama, Kids, Slice of Life",Movie,1,6.66,280
4337,29231,Fushigiboshi no☆Futagohime Gyu! Recap,"Comedy, Magic, Shoujo",OVA,1,6.65,220
4340,3433,Go-Q-Choji Ikkiman,"Sci-Fi, Sports",TV,32,6.65,295
4344,11583,Kami nomi zo Shiru Sekai: Natsu-iro Surprise,Music,Music,1,6.65,5772
4374,1733,eX-Driver: Nina & Rei Danger Zone,"Action, Cars, Sci-Fi",OVA,1,6.64,2297
4375,1799,Fatal Fury: Legend of the Hungry Wolf,"Action, Adventure, Drama, Martial Arts, Romance, Shounen",OVA,1,6.64,5353
4379,14145,"Hanayaka Nari, Waga Ichizoku: Kinetograph","Drama, Historical, Josei",OVA,2,6.64,8305
4381,3100,Kamen Rider SD Kaiki?! Kumo Otoko,"Action, Parody",OVA,1,6.64,575
4382,5153,Kikou Kai Galient,"Action, Fantasy, Mecha, Sci-Fi",TV,25,6.64,1164
4384,21241,Kyoukai no Kanata: Idol Saiban! Mayoi Nagara mo Kimi wo Sabaku Tami,Comedy,ONA,5,6.64,19389
4387,2306,Mobile Suit SD Gundam's Counterattack,"Comedy, Mecha, Parody",OVA,2,6.64,1982
4388,4536,Muteki Robo Trider G7,"Comedy, Mecha, Sci-Fi, Space",TV,50,6.64,350
4395,684,Tenshi no Shippo Chu!,"Fantasy, Magic, Romance",TV,11,6.64,3674
4398,33377,"Trickster: Edogawa Ranpo ""Shounen Tanteidan"" yori",Mystery,TV,24,6.64,52260
4402,32311,Beautiful World,"Action, Drama, Mecha, Music, Sci-Fi",Music,1,6.62,1215
4404,2640,Doraemon: It's Summer!,"Adventure, Comedy, Fantasy, Kids, Shounen",Special,1,6.63,487
4406,26053,Futari wa Precure: Splash☆Star Maji★Doki♥ Theater,"Action, Comedy, Fantasy, Magic, Shoujo",Movie,1,6.63,609
4410,23137,Girls und Panzer Heartful Tank Disc Picture Drama,"Military, School",Special,4,6.63,2296
4411,8839,Gundam Neo Experience 0087: Green Divers,"Adventure, Mecha, Space",Movie,1,6.63,1849
4412,2207,Hamelin no Violin Hiki: The Movie,"Adventure, Comedy, Fantasy",Movie,1,6.63,1551
4413,25861,Inugami-san to Nekoyama-san Special,"Comedy, School, Shoujo Ai",Special,1,6.63,7062
4418,6509,Kiteretsu Daihyakka,"Comedy, Drama, Slice of Life",TV,331,6.63,1083
4423,30088,Ryoutei no Aji,Slice of Life,Special,4,6.63,538
4424,8900,Saru Getchu: On Air 2nd,"Adventure, Comedy, Fantasy, Kids, Romance, Shounen",TV,51,6.63,263
4425,4067,Shin Megami Tensei Devil Children,"Action, Adventure, Demons, Fantasy, Game, Kids, Magic, Sci-Fi, Supernatural",TV,50,6.63,1110
4430,12317,Upotte!!,"Action, Comedy, Military, Seinen",ONA,10,6.63,43759
4433,30953,Arslan Senki (TV) Specials,Comedy,Special,8,6.62,5241
4439,3842,Doubutsu Takarajima,Adventure,Movie,1,6.62,818
4446,15279,Kira Kira 5th Anniversary Live Anime: Kick Start Generation,Music,OVA,1,6.62,1381
4447,799,Kokoro Toshokan,"Comedy, Drama, Slice of Life",TV,13,6.62,3748
4463,2626,The☆Doraemons: Mushimushi Pyonpyon Daisakusen!,Fantasy,Movie,1,6.62,479
4467,312,Ace wo Nerae!: Final Stage,"Action, Drama, Sports",OVA,12,6.61,714
4475,20441,Meitantei Holmes: Mrs. Hudson Hitojichi Jiken no Maki / Dover Kaikyou no Daikuuchuusen no Maki,"Adventure, Comedy, Mystery",Movie,1,6.61,260
4476,30384,Miss Monochrome: The Animation 2,"Comedy, Music, Slice of Life",TV,13,6.61,12064
4477,4314,Nanami-chan 2nd Series,"Comedy, Kids",TV,16,6.61,336
4481,11069,Pokemon: Pikachu no Fushigi na Fushigi na Daibouken,"Adventure, Comedy, Fantasy, Kids",Special,1,6.61,3088
4482,1964,Sakura Taisen: Ecole de Paris,"Action, Adventure, Game, Harem, Mecha, Sci-Fi",OVA,3,6.61,2201
4492,810,Android Ana Maico 2010,"Comedy, Drama, Sci-Fi, Seinen",TV,24,6.6,1896
4495,7578,Gokinjo Monogatari the Movie,"Comedy, Drama, Romance",Movie,1,6.6,1343
4497,23787,Hi☆sCoool! SeHa Girls,"Comedy, Game",TV,13,6.6,7440
4513,17551,Shakugan no Shana: Shana & Yuuji no Naze Nani Shana! Nandemo Shitsumon-bako!,"Comedy, Fantasy, Supernatural",Special,1,6.6,3965
4516,12439,Soukou Kihei Votoms: Vol.1 Stories of the 'A.T. Votoms',"Action, Drama, Mecha, Military, Sci-Fi",OVA,1,6.6,289
4521,8965,Tottoko Hamtarou OVA 3: Hamuchanzu to Niji no Kuni no Oujisama - Sekai de Ichiban no Takaramono,"Adventure, Comedy, Kids",OVA,1,6.6,745
4525,29863,Anata wo Zutto Aishiteru,"Adventure, Kids",Movie,1,6.59,520
4527,9795,Atashin'chi Movie,Comedy,Movie,1,6.59,260
4528,25457,Avengers Confidential: Black Widow to Punisher,"Action, Sci-Fi, Seinen",Movie,1,6.59,1742
4535,7336,Cyborg 009: Chou Ginga Densetsu,"Action, Sci-Fi, Space",Movie,1,6.59,1003
4539,16199,Girls und Panzer: Shoukai Shimasu!,"Military, School",Special,2,6.59,11042
4540,3776,Go! Go! Itsutsugo Land,School,TV,50,6.59,393
4549,17637,Miyakawa-ke no Kuufuku,Slice of Life,ONA,10,6.59,12077
4556,12929,Saint Seiya Omega,"Action, Adventure, Fantasy, Shounen",TV,97,6.59,22684
4563,1746,Zoids Fuzors,"Adventure, Mecha, Sci-Fi, Shounen",TV,26,6.59,7087
4580,3099,Juusenshi Gulkeeva,"Action, Fantasy, Mecha, Super Power",TV,26,6.58,855
4581,6374,Kagaku Ninja-tai Gatchaman II,"Action, Adventure, Sci-Fi, Shounen",TV,52,6.58,903
4582,10202,Kamen Rider Den-O: Imagin Anime 3,"Action, Adventure, Comedy, Kids, Super Power",OVA,12,6.58,350
4583,19685,Kanojo ga Flag wo Oraretara,"Comedy, Harem, Romance, School",TV,13,6.58,74634
4585,6310,Kinnikuman II Sei: Second Generations,Comedy,Movie,1,6.58,459
4597,11853,Pokemon: Pikachu no Summer Bridge Story,"Adventure, Comedy, Fantasy, Kids",Special,1,6.57,2535
4598,28511,Precure All Stars Movie: Haru no Carnival♪,"Action, Comedy, Fantasy, Magic, Music, Shoujo",Movie,1,6.58,988
4606,5819,Tori no Uta,Fantasy,OVA,1,6.58,2426
4608,9376,Yamato Takeru: After War,"Action, Adventure, Fantasy, Magic, Mecha, Sci-Fi, Shounen, Space",OVA,2,6.58,243
4617,1600,Galaxy Angel Rune,"Comedy, Sci-Fi",TV,13,6.57,3551
4622,25283,Kuusen Madoushi Kouhosei no Kyoukan,"Action, Drama, Fantasy, Magic, School",TV,12,6.57,81870
4623,1039,Mizuiro (2003),"Drama, Romance, Supernatural",OVA,2,6.57,2325
4624,4933,Muu no Hakugei,"Action, Fantasy, Sci-Fi",TV,26,6.57,344
4626,1163,Neo Ranga,"Adventure, Horror, Mecha",TV,48,6.57,5332
4629,7550,Pokemon: Pikachu Tanken Club,"Adventure, Comedy, Fantasy, Kids",Special,1,6.57,3571
4630,1527,Pokemon: Senritsu no Mirage Pokemon,"Adventure, Comedy, Fantasy, Kids",Special,1,6.57,13040
4634,28861,Takamiya Nasuno Desu!: Teekyuu Spin-off,"Comedy, Shounen",TV,12,6.57,8213
4644,16702,Doraemon: Nobita to Mirai Note,"Adventure, Fantasy, Kids, Sci-Fi, Shounen",OVA,1,6.56,271
4647,2809,Fuusen Shoujo Temple-chan,"Adventure, Comedy, Kids",TV,26,6.56,204
4651,1570,Happiness!,"Comedy, Harem, Magic, Romance, School",TV,12,6.56,24393
4653,12429,Last Exile: Ginyoku no Fam Recaps,"Action, Adventure, Sci-Fi",Special,2,6.56,4621
4654,1495,Maetel Legend,"Drama, Sci-Fi, Space",OVA,2,6.56,1974
4655,7601,Mashin Eiyuuden Wataru: Owarinaki Toki no Monogatari,Fantasy,OVA,3,6.56,318
4658,2503,Nangoku Shounen Papuwa-kun,"Adventure, Comedy, Shounen",TV,42,6.56,407
4659,23605,Ninja Slayer From Animation,Action,ONA,26,6.56,26062
4668,4154,Time Bokan Series: Yattodetaman,"Action, Adventure, Comedy, Fantasy, Mecha",TV,52,6.56,1012
4672,22249,Yodaka no Hoshi,"Adventure, Kids",Movie,1,6.56,1082
4674,3401,Aru Tabibito no Nikki Specials,"Adventure, Fantasy",Special,3,6.55,5473
4677,348,Binzume Yousei,"Comedy, Fantasy, Magic, Slice of Life",TV,13,6.55,12852
4695,2740,Monkey Turn,"Drama, Sports",TV,25,6.55,586
4697,3535,Neko Ramen,Comedy,ONA,13,6.55,2059
4706,3864,Souten no Ken Specials,"Action, Historical, Martial Arts, Shounen",Special,4,6.55,1122
4708,8966,Tottoko Hamtarou OVA 4: Hamuchanzu no Mezase! Hamuhamu Kin Medal - Hashire! Hashire! Daisakusen,"Adventure, Comedy, Kids",OVA,1,6.55,738
4709,1900,Twin Signal: Family Game,"Action, Comedy, Mecha, Sci-Fi",OVA,3,6.55,1026
4716,30143,Bobobo-bo Bo-bobo Recap,"Action, Comedy, Parody, Sci-Fi, Shounen",Special,1,6.54,606
4727,30524,Kagewani,"Horror, Mystery, Supernatural, Thriller",TV,13,6.54,19225
4731,2040,Mahou no Angel Sweet Mint,"Magic, Shoujo",TV,47,6.54,879
4732,13239,Mass Effect: Paragon Lost,"Action, Adventure, Sci-Fi",Movie,1,6.54,5305
4734,20931,Oneechan ga Kita,"Comedy, Slice of Life",TV,12,6.54,45457
4737,9799,Shin-Men,"Action, Comedy, Kids",TV,13,6.54,479
4741,4801,Suhoyojeong Michel,"Adventure, Fantasy, Kids",TV,26,6.54,376
4750,10319,Chou Dendou Robo Tetsujin 28-gou FX,"Action, Adventure, Mecha, Sci-Fi",TV,47,6.53,354
4753,2687,Gokuu no Daibouken,"Comedy, Fantasy",TV,39,6.53,266
4755,7083,Hakushaku to Yousei Specials,"Adventure, Fantasy, Historical, Magic",Special,6,6.53,5142
4764,4388,Mazinger Z tai Dr. Hell,"Action, Drama, Mecha, Sci-Fi, Shounen",Movie,1,6.53,630
4766,20033,Miss Monochrome: The Animation,"Comedy, Music, Slice of Life",TV,13,6.53,30403
4770,3444,The Ultraman,"Action, Sci-Fi, Shounen, Space, Super Power",TV,50,6.53,737
4777,4085,Yonimo Osoroshii Grimm Douwa,"Dementia, Horror, Psychological",OVA,3,6.53,683
4779,9737,Appleseed XIII,"Action, Mecha, Military, Police, Sci-Fi",OVA,13,6.52,9336
4780,1270,Black Magic M-66,"Action, Mecha, Military, Sci-Fi",OVA,1,6.52,5496
4787,1905,Harukanaru Toki no Naka de: Hachiyou Shou Specials,"Fantasy, Historical, Magic, Romance, Shoujo, Supernatural",Special,8,6.52,1773
4792,7571,Kita e.: Diamond Dust Drops Special,"Drama, Slice of Life",Special,1,6.52,804
4795,23831,Mahou Shoujo Madoka★Magica Movie 3: Hangyaku no Monogatari - Magica Quartet x Nisioisin,Comedy,Movie,4,6.52,6946
4797,30291,Mini Hama: Minimum Hamatora,"Comedy, Mystery, School, Shounen, Super Power",TV,8,6.53,1947
4798,2302,Mobile Suit SD Gundam Mk I,"Mecha, Parody, Sci-Fi",Special,3,6.52,2371
4804,1999,Sakura Taisen: Sumire,"Adventure, Drama, Mecha, Sci-Fi, Shounen",OVA,1,6.52,1655
4805,3755,Sekai Meisaku Douwa: Oyayubi Hime,"Fantasy, Kids",Movie,1,6.52,432
4816,1107,Youjuu Toshi,"Action, Adventure, Demons, Drama, Horror, Super Power",Movie,1,6.52,13480
4821,1333,Fushigi na Koala Blinky,"Adventure, Comedy, Fantasy, Kids",TV,26,6.51,480
4824,28913,Hidamari Sketch x 365 Recap,"Comedy, School, Slice of Life",Special,1,6.51,424
4826,17813,Kyoto Animation: Megane-hen,Thriller,Special,1,6.51,5705
4827,22113,Kyoukaisenjou no Horizon Specials,"Comedy, Fantasy, School",ONA,4,6.51,1967
4833,2267,Red Garden: Dead Girls,"Mecha, Mystery",OVA,1,6.51,5652
4834,2168,Sakura Taisen: New York,"Adventure, Comedy, Supernatural",OVA,6,6.51,1769
4847,5337,Bakugan Battle Brawlers: New Vestroia,"Adventure, Fantasy, Game, Shounen",TV,52,6.5,14694
4849,3007,Bronze: Kouji Nanjo Cathexis,"Music, Shounen Ai",OVA,1,6.5,2929
4852,2256,Choujuu Kishin Dancougar: Ushinawareta Monotachi e no Requiem,"Action, Drama, Mecha",OVA,1,6.5,653
4853,833,Choujuushin Gravion,"Action, Comedy, Mecha, Sci-Fi, Shounen",TV,13,6.5,8364
4860,30895,HaruChika: Haruta to Chika wa Seishun suru,"Mystery, Romance, School, Slice of Life",TV,12,6.5,49971
4866,18845,Ninja Hattori-kun (2012),Comedy,TV,52,6.5,282
4871,1217,Seikimatsu★Darling,"Comedy, Drama, Romance, Shounen Ai",OVA,1,6.5,4816
4873,9403,Shin Mashin Eiyuuden Wataru Majinzan,"Action, Adventure, Comedy, Fantasy, Mecha, Sci-Fi",OVA,2,6.5,213
4874,1048,The SoulTaker: Tamashii-gari,"Demons, Horror, Supernatural",TV,13,6.5,15796
4897,1884,Himesama Goyoujin,Comedy,TV,12,6.49,1623
4900,2293,Kyoushoku Soukou Guyver,"Action, Horror, Sci-Fi, Super Power",Movie,1,6.49,3185
4908,21703,Pokemon XY: New Year Special,"Action, Adventure, Comedy, Fantasy, Kids",Special,1,6.49,2270
4911,10013,Shouwa Monogatari (Movie),"Drama, Historical",Movie,1,6.49,878
4919,4070,Black Jack: Dr. Pinoko no Mori no Bouken,Comedy,Special,1,6.48,1272
4920,13169,Buta,"Adventure, Comedy, Fantasy, Historical",Movie,1,6.48,4850
4921,69,Cluster Edge,"Action, Fantasy, Military, Sci-Fi",TV,25,6.48,6995
4924,8145,Gegege no Kitarou: Nippon Bakuretsu,"Action, Fantasy, Horror, Kids, Shounen, Supernatural",Movie,1,6.48,340
4927,5600,Little El Cid no Bouken,"Adventure, Historical, Kids",TV,26,6.48,274
4937,24763,Robot Girls Z Specials,"Comedy, Mecha, Parody",Special,3,6.48,1592
4943,6397,Tentou Mushi no Uta,"Drama, Slice of Life",TV,104,6.48,249
4948,3011,Yotsunoha,"Romance, School",OVA,2,6.48,8565
4957,1262,Macross II: Lovers Again,"Adventure, Mecha, Military, Sci-Fi, Shounen, Space",OVA,6,6.47,6760
4963,31168,Pokemon XY: Odemashi Ko Majin Hoopa,"Action, Fantasy, Kids",OVA,1,6.47,1829
4964,5223,Robotan (1986),"Comedy, Kids",TV,33,6.47,294
4965,8373,Shin Mitsubachi Maya no Bouken,"Adventure, Comedy",TV,52,6.47,1286
4969,27629,Tantei Kageki Milky Holmes TD,"Comedy, Mystery, Super Power",TV,12,6.47,4967
4974,8194,Akuma-kun,"Adventure, Fantasy, Horror, Magic, Supernatural",TV,42,6.46,382
4977,7667,Dr. Slump Movie 03: Arale-chan Hoyoyo! Sekai Isshuu Dai Race,"Comedy, Sci-Fi, Shounen",Movie,1,6.46,557
4981,5900,Jean Valjean Monogatari,Drama,Special,1,6.46,422
4994,3474,Push,Parody,Special,1,6.46,1272
5004,6075,Ai no Wakakusa Yama Monogatari,Comedy,TV,12,6.45,527
5022,10028,Magic Knight Rayearth Omake,"Adventure, Comedy, Drama, Fantasy, Magic, Mecha, Romance, Shoujo",Special,5,6.45,1730
5025,362,Memories Off 2nd,"Drama, Romance",OVA,3,6.45,2750
5033,17068,Transfer,"Action, Music",Music,1,6.45,797
5035,3234,009-1: R&B,"Action, Sci-Fi, Seinen",Special,1,6.44,2988
5040,14875,Eureka Seven AO: Jungfrau no Hanabana-tachi,"Action, Adventure, Drama, Mecha, Sci-Fi",OVA,1,6.44,6756
5045,24873,Juuou Mujin no Fafnir,"Fantasy, Harem, Romance, School",TV,12,6.44,59544
5053,6331,Ten Little Gall Force,"Action, Comedy, Mecha, Military, Parody, Sci-Fi, Space",OVA,1,6.44,701
5061,12967,Arcana Famiglia,"Action, Harem, Romance, Shoujo",TV,12,6.43,106391
5065,18881,Code Geass: Hangyaku no Lelouch - Kiseki no Birthday Picture Drama Flash Special,"School, Supernatural",Special,1,6.43,5005
5068,8146,Gegege no Kitarou: Daikaijuu,"Action, Fantasy, Horror, Shounen, Supernatural",Movie,1,6.43,305
5073,5013,Juugo Shounen Hyouryuuki,"Adventure, Drama, Historical",Special,1,6.43,305
5076,7598,Loups=Garous,"Mystery, Sci-Fi, Thriller",Movie,1,6.43,12350
5078,3881,Majokko Tickle,"Comedy, Magic, Shoujo",TV,45,6.43,471
5090,9591,Code Geass: Hangyaku no Lelouch R2: Flash Specials,Parody,Special,9,6.42,9291
5094,9389,Ginga Hyouryuu Vifam: Kieta 12-nin,"Action, Adventure, Mecha, Sci-Fi",OVA,1,6.42,205
5109,8960,MonHun Nikki Girigiri Airou Mura: Airou Kiki Ippatsu,"Action, Comedy",TV,10,6.42,787
5110,5006,Nagagutsu Sanjuushi,"Adventure, Fantasy, Kids",Movie,1,6.42,542
5119,3507,Survival,"Dementia, Drama, Music, Psychological, School, Supernatural",Music,1,6.42,2153
5122,8961,Tono to Issho: Ippunkan Gekijou,"Comedy, Samurai, Seinen",TV,12,6.42,2321
5124,6234,True Tears Specials,"Comedy, Parody, School",Special,7,6.42,7296
5125,10405,Xi Avant,"Adventure, Sci-Fi",Movie,1,6.41,2379
5128,17681,Zettai Bouei Leviathan,"Comedy, Fantasy, Magic",TV,13,6.42,18202
5134,4513,Hakujaden,"Adventure, Fantasy, Historical, Romance",Movie,1,6.41,1542
5136,4928,Idol Tenshi Youkoso Yoko,"Comedy, Drama, Shoujo",TV,43,6.41,419
5138,3315,Kikou Keisatsu Metal Jack,"Action, Mecha, Police, Sci-Fi",TV,37,6.41,349
5141,2162,Koutetsu Sangokushi,"Adventure, Historical, Shounen",TV,25,6.41,6544
5147,18639,Rinne no Lagrange Season 2 Specials,Comedy,Special,6,6.41,1599
5151,2027,Wind: A Breath of Heart Specials,"Comedy, Romance, School",Special,4,6.41,1335
5159,22443,Hello Kitty no Alps no Shoujo Heidi,Kids,OVA,1,6.4,153
5161,28883,Hidan no Aria AA,"Action, School, Shoujo Ai",TV,12,6.4,39538
5167,19575,Kobayashi ga Kawai sugite Tsurai!!,"Romance, School, Shoujo",OVA,2,6.4,4251
5176,10594,Tokimeki Tonight Recaps,"Comedy, Fantasy, Romance, Shoujo, Vampire",Special,2,6.4,220
5186,7752,Bao Lian Deng,"Action, Adventure, Fantasy",Movie,1,6.39,225
5189,22733,Dragon Collection,"Fantasy, Shounen",TV,51,6.39,3229
5193,2281,Jikuu Tantei Genshi-kun,"Adventure, Comedy, Fantasy, Mystery, Sci-Fi, Shounen",TV,39,6.39,5541
5194,9748,Kaze wo Nuke!,Sports,OVA,1,6.39,187
5206,8249,Votoms Finder,"Action, Drama, Mecha, Military, Sci-Fi",OVA,1,6.39,1735
5207,12123,Yurumates 3D,"Comedy, Seinen, Slice of Life",TV,13,6.39,5678
5212,2156,Bakugan Battle Brawlers,"Action, Fantasy, Game",TV,52,6.38,25846
5218,24675,Future Card Buddyfight Recap,Game,Special,1,6.38,277
5220,6271,Gendai Kibunroku Kaii Monogatari,Horror,OVA,1,6.38,704
5226,19351,Nijiiro☆Prism Girl,"Comedy, Romance, School, Shoujo",OVA,4,6.38,1390
5229,29511,Ongaku Shoujo,"Music, Slice of Life",Movie,1,6.38,6289
5232,5693,"Shinran-sama: Negai, Soshite Hikari",Historical,OVA,1,6.38,150
5235,3724,Taiko no Tatsujin,Game,TV,26,6.38,406
5242,28593,Yuusha ni Narenakatta Ore wa Shibushibu Shuushoku wo Ketsui Shimashita. Specials,Comedy,Special,5,6.38,3818
5243,454,.hack//Gift,"Comedy, Fantasy, Game",OVA,1,6.37,15411
5252,4298,Futari no Joe,"Shounen, Sports",OVA,6,6.37,461
5258,23897,Lovely Movie: Itoshi no Muco,Slice of Life,TV,20,6.37,503
5266,8042,Taishou Yakyuu Musume. Specials,"School, Sports",Special,2,6.37,907
5279,5652,Glass no Kantai: La Legende du Vent de l'Univers Specials,"Adventure, Sci-Fi",Special,2,6.36,1005
5282,3834,Hoshi no Ko Chobin,"Adventure, Sci-Fi",TV,26,6.36,231
5285,1777,Kaze no Tairiku,"Action, Adventure, Fantasy, Supernatural",Movie,1,6.36,2552
5286,2155,Kono Aozora ni Yakusoku wo: Youkoso Tsugumi Ryou e,"Harem, Romance, School",TV,13,6.36,12622
5292,337,Psychic Academy,"Comedy, Romance, Supernatural",TV,24,6.36,7751
5300,20365,Another: Misaki Mei - Shizuka ni,Music,Music,1,6.36,10775
5304,6628,Dengeki Bunko 2007 Movie Festival Special,Comedy,Special,1,6.35,2793
5318,31923,Mini Hama: Minimum Hamatora Movies,"Comedy, Mystery, School, Super Power",Movie,2,6.35,833
5319,9523,Minori Scramble!,Comedy,OVA,1,6.35,2208
5322,10349,Suzy's Zoo: Daisuki! Witzy,Kids,TV,25,6.35,369
5333,9595,Amanatsu,Sci-Fi,Movie,1,6.34,1305
5335,2309,"Azusa, Otetsudai Shimasu!","Comedy, Sci-Fi, Slice of Life, Sports",OVA,1,6.34,1973
5348,30155,Hoshi no Kirby: Tokubetsu-hen - Taose!! Koukaku Majuu Ebizou,"Action, Adventure, Comedy, Fantasy",Special,1,6.34,384
5355,21479,Metal Fight Beyblade Zero G Specials,"Adventure, Sports",Special,7,6.34,915
5364,4948,Shounen Sarutobi Sasuke,"Adventure, Fantasy",Movie,1,6.34,564
5371,2516,Uchuu no Senshi,"Mecha, Military, Sci-Fi, Shounen, Space",OVA,6,6.34,2596
5373,1959,Wild 7,"Action, Drama, Police, Shounen",OVA,2,6.34,679
5384,2738,Kasumin 3rd Season,"Fantasy, Kids",TV,26,6.33,287
5386,23367,Kitakubu Katsudou Kiroku: Miniature Theater,"Comedy, School",Special,6,6.33,1154
5395,4599,Tanoshii Willow Town,"Fantasy, Kids",TV,26,6.33,295
5399,7334,Bakugan Battle Brawlers: Gundalian Invaders,"Action, Adventure, Fantasy, Game, Shounen",TV,39,6.32,11110
5407,17897,Hana wa Saku,Music,Special,1,6.32,762
5412,3723,Koala Boy Kokki,Comedy,TV,26,6.32,360
5415,33795,Mahou Shoujo Nante Mou Ii Desukara. 2nd Season,"Comedy, Magic",TV,12,6.32,5676
5419,445,Tales of Eternia The Animation,"Adventure, Comedy, Fantasy, Romance, Shounen",TV,13,6.32,11582
5422,176,Triangle Heart: Sweet Songs Forever,"Adventure, Romance",OVA,4,6.32,4543
5426,19029,Yuyushiki: Nyanyashiki,Comedy,Special,6,6.32,6805
5433,2285,D.I.C.E.,"Action, Adventure, Kids, Mecha, Sci-Fi, Shounen",TV,40,6.31,2744
5439,31091,Komori-san wa Kotowarenai!,"Comedy, School, Slice of Life",TV,12,6.31,24377
5441,1628,Maou Dante,"Action, Demons, Horror, Shounen, Supernatural",TV,13,6.31,3907
5443,2244,Rakugo Tennyo Oyui,"Comedy, Historical",TV,12,6.31,1086
5447,309,Akahori Gedou Hour Rabuge,"Comedy, Magic, Parody",TV,13,6.3,3271
5453,3808,Futari Daka,"Cars, Shounen, Sports",TV,36,6.3,234
5457,11505,Kiss Dum: Omokage,"Mecha, Military, Sci-Fi",Special,1,6.3,605
5459,1188,Momoiro Sisters,"Comedy, Slice of Life",TV,24,6.3,1366
5462,6523,Porong Porong Pororo,Kids,TV,52,6.3,197
5467,11561,Sougen no Ko Tenguri,"Adventure, Drama, Historical, Kids",Movie,1,6.3,406
5473,4584,Topo Gigio,"Adventure, Comedy, Kids",TV,21,6.3,981
5475,11537,Yamatarou Kaeru,Kids,OVA,1,6.3,332
5476,10330,Bakugan Battle Brawlers: Mechtanium Surge,"Action, Adventure, Fantasy, Game, Shounen",TV,46,6.29,8662
5495,24527,Yomigaeru Sora Pilot,"Action, Military, Seinen",Special,1,6.29,298
5500,5629,Choujuu Kishin Dancougar: Hakunetsu no Shuushou,"Mecha, Sci-Fi, Space",OVA,4,6.28,419
5502,904,Dragon Ball Z Movie 11: Super Senshi Gekiha!! Katsu no wa Ore da,"Action, Adventure, Comedy, Fantasy, Martial Arts, Shounen, Super Power",Movie,1,6.28,49949
5506,3020,Gu-Gu Ganmo,"Comedy, School",TV,50,6.28,259
5519,11791,Sore Ike! Anpanman: Ruby no Negai,"Comedy, Kids, Magic",Movie,1,6.28,162
5526,1202,Ar Tonelico: Sekai no Owari de Utai Tsuzukeru Shoujo,"Action, Adventure, Fantasy, Magic, Sci-Fi",OVA,1,6.27,10531
5536,14095,Kamen Rider Fourze x Crayon Shin-chan,"Action, Comedy, Kids, Shounen",Special,4,6.27,440
5542,11547,Sengoku☆Paradise Kiwami,"Action, Comedy, Drama, Historical, Romance, Samurai, Shoujo",TV,26,6.27,3473
5543,10525,Shinseiki Duel Masters Flash,"Comedy, Kids",TV,24,6.27,314
5548,4484,"Umi no Yami, Tsuki no Kage","Drama, Horror, Romance",OVA,3,6.27,483
5552,2689,Akai Koudan Zillion: Utahime Yakyoku,"Adventure, Sci-Fi, Shounen",Special,1,6.26,533
5554,2823,Barbapapa,"Comedy, Fantasy",TV,45,6.26,1385
5555,5289,Beast Wars Second: LioConvoy in Imminent Danger!,"Action, Adventure, Sci-Fi",Movie,1,6.26,685
5559,7290,Cyborg 009: Kaijuu Sensou,"Action, Adventure, Sci-Fi",Movie,1,6.26,806
5560,2287,Fighting Foodons,"Adventure, Comedy, Fantasy, Game, Shounen",TV,26,6.26,2580
5564,3406,iDOLM@STER Xenoglossia Specials,"Comedy, Mecha, Sci-Fi",Special,9,6.26,2377
5567,2092,Kiss wa Hitomi ni Shite,"Comedy, Romance, Shoujo",OVA,1,6.26,356
5570,8792,Madobe Nanami no Windows 7 de PC Jisaku Ouen Commercial!!,Comedy,OVA,1,6.26,6996
5573,20555,SoniAni: Super Sonico The Animation,"Music, Slice of Life",TV,12,6.26,45748
5578,5462,Top wo Nerae! Kagaku Kouza,"Comedy, Sci-Fi",Special,6,6.26,5479
5581,14949,Yurumates 3D: Ushinawareta Genjitsu,"Comedy, Seinen, Slice of Life",OVA,1,6.26,1095
5584,5421,Ark,"Action, Fantasy, Mecha, Military, Sci-Fi, Supernatural",Movie,1,6.25,721
5585,2414,Assemble Insert,"Comedy, Police, Sci-Fi",OVA,2,6.25,1566
5587,7597,"Boku, Otaryman.","Comedy, Seinen, Slice of Life",OVA,1,6.25,3294
5589,5689,Eien no Filena,"Adventure, Drama, Fantasy",OVA,6,6.25,301
5591,7867,Gon,"Action, Adventure, Kids",TV,50,6.25,917
5603,571,Moldiver,"Action, Comedy, Magic, Mecha, Romance, Sci-Fi",OVA,6,6.25,1584
5606,6385,Pokemon: Slowking no Ichinichi,"Fantasy, Kids",Special,1,6.25,6090
5613,11099,Tiger & Bunny Pilot,"Action, Comedy, Super Power",Special,1,6.25,5936
5628,3840,Crystal Blaze,"Action, Sci-Fi",TV,12,6.24,11974
5629,11471,Dororo,Action,Special,1,6.24,278
5635,6965,Kaiketsu Zorori: Mahoutsukai no Deshi/Dai Kaizoku no Takara Sagashi,"Adventure, Comedy",Movie,1,6.24,203
5639,6327,Miracle Train: Chuo-sen e Youkoso,"Fantasy, Shoujo",Special,1,6.24,2961
5640,32959,Mirai no Watashi,"Comedy, Slice of Life",ONA,1,6.24,1089
5643,7549,Quiz Magic Academy: The Original Animation 2,"Comedy, Fantasy, Magic, School",OVA,1,6.24,3658
5644,756,School Days ONA,"Drama, Romance, School",ONA,1,6.24,21104
5646,30916,The Five Killers,Action,ONA,1,6.24,312
5653,3135,Dragon's Heaven,"Action, Adventure, Fantasy, Mecha, Sci-Fi",OVA,1,6.23,1924
5654,25567,DRAMAtical Murder OVA: Data_xx_Transitory,"Drama, Psychological, Sci-Fi, Shounen Ai",Special,1,6.23,12469
5657,1200,Gun-dou Musashi,"Adventure, Fantasy, Samurai",TV,26,6.23,3955
5665,31676,Persona 2: Another Self,"Action, Demons, Fantasy, Supernatural",Special,1,6.23,1178
5670,4616,Yumemiru Topo Gigio,"Adventure, Comedy, Kids",TV,13,6.23,429
5678,30168,Miss Monochrome: Watashi dake no Monogatari,Music,Music,1,6.22,1634
5680,8312,Piece,Music,Music,1,6.22,1143
5682,6889,Time Bokan Series: Zenderman,"Action, Adventure, Comedy, Mecha, Sci-Fi, Super Power",TV,52,6.22,298
5685,5469,Birthday Boy,"Action, Drama, Historical, Military",Movie,1,6.21,1196
5686,6484,Chokin Senshi Cashman,"Action, Comedy",OVA,1,6.21,366
5688,3813,Gekkou no Pierce: Yumemi to Gin no Bara no Kishidan,"Fantasy, Mystery, Romance, Shoujo",OVA,1,6.21,348
5689,9944,Hime Gal♥Paradise,Shoujo,OVA,9,6.21,563
5690,6071,Juuippiki no Neko,Fantasy,Movie,1,6.21,400
5692,556,Koutetsu Tenshi Kurumi Zero,"Drama, Romance, Sci-Fi",OVA,3,6.21,3896
5693,669,Kujibiki Unbalance,"Comedy, Romance, School",OVA,3,6.21,8291
5697,3336,Mezame no Hakobune,Fantasy,OVA,1,6.21,1867
5699,1975,Mutekiou Tri-Zenon,"Mecha, Sci-Fi",TV,22,6.21,483
5700,17237,Peeping Life: World History,"Comedy, Historical, Slice of Life",ONA,40,6.21,361
5704,2314,Tobe! Kujira no Peek,"Adventure, Drama",Movie,1,6.21,286
5706,16211,Bakumatsu Gijinden Roman,"Fantasy, Historical",TV,12,6.2,7816
5710,2723,D4 Princess,"Action, Comedy, Magic, Mecha, Sci-Fi",TV,24,6.2,1514
5721,7532,Kuroi Kikori to Shiroi Kikori,Fantasy,Movie,1,6.2,179
5724,3183,MAPS: Densetsu no Samayoeru Seijin-tachi,"Action, Adventure, Drama, Sci-Fi, Shounen, Space",OVA,1,6.2,402
5738,2824,Barbapapa Sekai wo Mawaru,"Adventure, Comedy",TV,50,6.19,528
5739,12447,Ben-To Picture Drama,Comedy,Special,6,6.19,6718
5742,31454,Gundam: G no Reconguista - From the Past to the Future,"Action, Mecha, Sci-Fi, Space",Special,1,6.2,736
5743,29975,Gunslinger Stratos,"Action, Sci-Fi",ONA,1,6.19,2666
5744,3178,Hengen Taima Yakou Karura Mau! Nara Onryou Emaki,"Action, Adventure, Demons, Fantasy, Horror, Shoujo, Supernatural",Movie,1,6.19,506
5747,1990,Mahou Gakuen Lunar! Aoi Ryuu no Himitsu,"Comedy, Fantasy, Magic",Movie,1,6.19,833
5753,21441,Taisei Kensetsu: Sri Lanka Kousokudouro,Drama,Special,1,6.19,1906
5758,16738,Wooser no Sono Higurashi: Ken to Pants to Wooser to,"Comedy, Fantasy, Slice of Life",Special,1,6.19,2209
5761,7621,Chuumon no Ooi Ryouriten,"Fantasy, Horror, Supernatural",Movie,1,6.18,374
5762,15043,Haitai Nanafa,"Comedy, Supernatural",TV,13,6.18,5907
5766,19769,Mahou Sensou,"Action, Fantasy, Magic",TV,12,6.18,104192
5775,3818,Soratobu Toshi Keikaku,"Music, Sci-Fi",Music,1,6.18,1163
5777,3762,The Borgman: Last Battle,"Action, Demons, Sci-Fi, Shounen",OVA,1,6.18,386
5787,8316,Kawasaki Frontale x Tentai Senshi Sunred,"Comedy, Parody, Seinen, Sports, Super Power",Special,4,6.17,363
5788,12141,Kaze no Matasaburou,"Fantasy, Kids, Slice of Life",OVA,1,6.17,371
5792,12677,Ozma,"Action, Sci-Fi",TV,6,6.17,11556
5793,2781,Saint Luminous Jogakuin,"Mystery, Psychological, Supernatural",TV,13,6.17,1701
5794,2476,School Days,"Drama, Harem, Romance, School",TV,12,6.17,279183
5800,14367,Tenshi na Konamaiki Specials,Shounen,Special,13,6.18,504
5804,32171,Ange Vierge,"Adventure, Fantasy, Magic, School",TV,12,6.16,21934
5806,1106,Eikyuu Kazoku,"Comedy, Psychological",Movie,1,6.16,5305
5811,32805,Nyanbo!,Comedy,TV,26,6.16,2886
5815,20855,Bacterial Contamination,"Dementia, Horror, Music",Music,1,6.15,1643
5822,8409,Marie & Gali ver. 2.0,Comedy,TV,30,6.15,499
5824,21649,Mitsuwano,Slice of Life,OVA,1,6.15,2794
5826,9575,Nodoka Mori no Doubutsu Daisakusen,Fantasy,Special,1,6.15,160
5832,2245,Seraphim Call,"Drama, Romance, Sci-Fi",TV,12,6.15,2434
5835,4685,Takane no Jitensha,"Fantasy, School",Special,1,6.15,1583
5836,29801,The iDOLM@STER Million Live! 1st Anniversary PV,Drama,Special,1,6.15,1292
5842,2754,Cleopatra D.C.,"Action, Adventure, Sci-Fi",OVA,3,6.14,1074
5853,1155,Melty Lancer,"Adventure, Comedy, Sci-Fi, Space",OVA,6,6.14,1035
5859,546,Wind: A Breath of Heart (TV),"Drama, Romance, School, Supernatural",TV,13,6.14,7778
5866,19581,Houseki no Kuni,"Fantasy, Sci-Fi, Seinen",ONA,1,6.13,1156
5872,16345,Ninku: Knife no Bohyou,"Action, Adventure, Comedy, Martial Arts, Shounen",Special,1,6.13,280
5873,25441,Shin Strange+ Special,"Comedy, Shoujo, Slice of Life",Special,1,6.13,1094
5875,32563,Starry Tales: Seiza wa Toki wo Koete,"Fantasy, Space",Movie,1,6.13,286
5877,1267,Yoroiden Samurai Troopers Message,"Adventure, Fantasy, Samurai, Shounen",OVA,5,6.13,1299
5882,23483,Decorator,Music,Music,1,6.12,880
5889,1284,Houma Hunter Lime,"Comedy, Fantasy",OVA,3,6.12,945
5891,2305,Mobile Suit SD Gundam Mk III,"Mecha, Parody, Sci-Fi",OVA,6,6.12,1805
5892,23099,Puchitto Gargantia Special,"Comedy, Mecha, Sci-Fi",Special,1,6.12,1786
5895,5027,Stitch!,"Adventure, Comedy, Kids",TV,25,6.12,2569
5897,9829,Yonimo Osoroshii Nihon Mukashibanashi,"Dementia, Horror, Psychological",OVA,3,6.12,655
5922,6985,Buddha Saitan,"Psychological, Romance, Supernatural",Movie,1,6.1,3824
5927,31977,Hanabi,"Drama, Music, Romance, Slice of Life",Music,1,6.1,162
5931,4460,Kikumana,"Dementia, Psychological",ONA,1,6.1,4723
5938,27789,Yodaka no Hoshi (Music),"Drama, Fantasy, Music, Slice of Life",Music,1,6.1,478
5939,12145,Backkom,"Comedy, Kids",TV,52,6.09,423
5943,12569,Himitsu no Akko-chan (Movie),"Magic, School, Shoujo",Movie,1,6.09,228
5950,31890,Nurse Witch Komugi-chan R,"Comedy, Magic, Parody",TV,12,6.09,7376
5951,12135,Ra/Radio Noise*Planet,"Adventure, Psychological, Sci-Fi",OVA,1,6.09,595
5962,8252,Getter Robo (Movie),"Action, Mecha, Sci-Fi, Shounen",Movie,1,6.08,527
5967,1947,Kikou Sennyo Rouran,"Action, Fantasy, Mecha",TV,28,6.08,1049
5970,28247,Pankis! 2-jigen,"Comedy, Music",TV,24,6.08,331
5971,6311,Sarutobi Ecchan,"Comedy, Kids, Magic, School",TV,26,6.08,357
5972,9239,Scoopers,"Action, Sci-Fi",OVA,1,6.08,195
5977,32338,Yes! BanG_Dream!,Music,Music,1,6.06,353
5979,15423,Antinotice,Music,Music,1,6.07,744
5988,22735,Oreca Battle,Game,TV,51,6.07,1632
5989,24179,Strobe Light,Music,Music,1,6.07,313
5992,12851,Ultraman USA,"Action, Adventure, Sci-Fi",Movie,1,6.07,243
6003,1991,Juusou Kikou Dancougar Nova,Mecha,TV,12,6.06,3326
6006,8443,Mahou no Star Magical Emi: Semishigure,"Comedy, Magic, Shoujo",OVA,1,6.06,337
6009,10679,Maria†Holic: Run Run Riru Ran Ran Rara,"Comedy, Music",Music,1,6.06,2778
6016,7257,Shijin no Shougai,"Drama, Fantasy, Psychological",Movie,1,6.06,541
6031,1098,Samurai Girl Real Bout High School,"Adventure, Comedy, Fantasy, Shounen",TV,13,6.05,6689
6042,5918,Deimos no Hanayome: Ran no Kumikyoku,"Demons, Drama, Fantasy, Horror, Magic, Mystery, Psychological, Shoujo, Supernatural",OVA,1,6.04,2030
6045,11043,Install Pilot,"Action, Sci-Fi, Shounen",Special,1,6.04,456
6052,32961,Regalia: The Three Sacred Stars,"Action, Mecha, Sci-Fi",TV,13,6.03,16766
6053,15769,Shining Hearts: Shiawase no Pan - Kokoro ga Todoita Picture Drama,Fantasy,Special,6,6.04,1292
6061,33236,Committed RED,Music,Music,1,6.03,140
6069,4130,Petit Eva: Evangelion@School,"Comedy, Parody, School",ONA,24,6.03,15734
6071,32521,Super Mario World: Mario to Yoshi no Bouken Land,"Comedy, Game, Kids",OVA,1,6.02,163
6085,9087,"Mobile Suit SD Gundam Musha, Knight, Commando","Action, Comedy, Fantasy, Mecha, Parody",Movie,2,6.02,860
6088,16506,Three Monks,Music,Movie,1,6.02,196
6106,31318,Comet Lucifer,"Action, Adventure, Fantasy, Mecha",TV,12,6.0,66659
6107,7139,Gdleen,"Fantasy, Sci-Fi",OVA,1,6.0,408
6109,24275,Medamayaki no Kimi Itsu Tsubusu?,"Comedy, Seinen",Special,4,6.0,712
6113,3498,Shin Onimusha: Dawn of Dreams the Story,"Action, Demons, Historical, Martial Arts, Samurai",OVA,1,6.0,695
6122,4012,First Squad,"Action, Music",Music,1,5.99,4946
6123,24975,Ghibli ga Ippai Special Short Short,Slice of Life,Special,10,5.99,733
6125,1220,Hoshizora Kiseki,"Romance, Sci-Fi",ONA,1,5.99,7674
6131,28665,Nenga no Kizuna,Slice of Life,ONA,1,5.99,178
6134,33508,Si Ling Bianma: Zhi Shijie Caozong Zhe,"Fantasy, Game, Horror, Mystery, Parody, Psychological",ONA,12,5.99,563
6138,18419,"Boku no Imouto wa ""Osaka Okan"": Uchi no Oniichan wa Tokyo Rule",Comedy,Special,1,5.98,2297
6144,7466,Hashire!,Comedy,ONA,1,5.98,556
6145,9205,Kaichuu!,"Comedy, Seinen, Sports",ONA,4,5.98,6941
6148,10519,Mahou Shoujo Sonico★Magica,"Music, Parody",ONA,1,5.98,13266
6152,21081,Yu Bang Xiang Zheng,Historical,Movie,1,5.98,216
6153,1223,Ame to Shoujo to Watashi no Tegami,Shoujo,ONA,1,5.97,6686
6157,9627,Kakko Kawaii Sengen!,Comedy,TV,5,5.97,590
6158,33244,Kiitarou Shounen no Youkai Enikki,"Comedy, Supernatural",TV,12,5.97,11986
6162,6792,Mobile Suit SD Gundam Mk V,"Comedy, Mecha, Parody, Sci-Fi",OVA,3,5.97,1294
6163,1154,Mother: Saigo no Shoujo Eve,"Adventure, Drama, Sci-Fi",Movie,1,5.97,697
6164,676,Refrain Blue,"Drama, Romance",OVA,3,5.97,1181
6170,19187,Fake Doll,Music,Music,1,5.96,893
6183,2600,Juusenki L-Gaim II: Farewell My Lovely + Pentagona Doors,"Action, Adventure, Drama, Mecha, Sci-Fi, Shounen, Space",OVA,1,5.95,375
6193,5875,Kobutori (1929),"Comedy, Demons",Movie,1,5.94,1280
6200,29834,Moshidora Recap,"Drama, Sports",Special,1,5.94,251
6203,27613,Selector Infected WIXOSS: Midoriko-san to Piruruku-tan,Comedy,Special,3,5.94,5505
6204,22137,Toukiden: The Age of Demons - Introduction,"Action, Demons",Special,1,5.94,499
6214,832,Ginsoukikou Ordian,"Mecha, Sci-Fi",TV,24,5.93,1304
6215,3390,Hoshi no Umi no Amuri,"Adventure, Fantasy, Sci-Fi",OVA,3,5.93,2443
6233,9708,Mobile Suit Gundam ZZ: Gundam Frag.,"Action, Mecha, Military, Sci-Fi",OVA,2,5.92,2058
6236,32735,Persona 3 the Movie Meets “Walkman”,Drama,ONA,1,5.91,937
6239,8664,"Slime Boukenki: Umi da, Yeah!","Action, Adventure, Comedy, Fantasy, Game",Special,1,5.92,403
6252,1989,Shizuku,Comedy,Movie,1,5.91,1484
6258,11735,Coluboccoro,"Fantasy, Sci-Fi",OVA,1,5.89,1081
6261,1927,Gakuen Tokusou Hikaruon,"Action, Martial Arts, School, Super Power",OVA,1,5.9,1068
6263,28439,Hatsune Miku x Tetsuya Nomura,Music,Special,1,5.9,1232
6264,30080,Inishie no Megami to Houseki no Ite,Action,ONA,1,5.9,143
6271,33746,Anitore! XX,"Comedy, Sports",TV,12,5.89,6227
6275,2365,Grandeek,"Adventure, Fantasy, Magic",OVA,1,5.89,896
6285,32853,7-kakan.,Music,Music,1,5.88,143
6296,1712,Shin Seiki Den Mars,"Mecha, Sci-Fi, Shounen",TV,13,5.88,556
6297,1743,Super Milk-chan,"Action, Comedy, Parody, Sci-Fi",TV,14,5.88,2476
6300,9521,Tie Shan Gongzhu,"Action, Adventure, Fantasy",Movie,1,5.88,347
6301,7248,Top wo Nerae! Gunbuster Specials,"Mecha, Space",Special,3,5.88,3095
6311,12907,Sekiei Ayakashi Mangatan,"Fantasy, Historical, Supernatural",ONA,3,5.87,2615
6314,30091,Chaos Dragon: Sekiryuu Seneki,"Action, Fantasy, Supernatural",TV,12,5.86,62257
6317,9502,Egao no Hana,Music,Music,1,5.86,670
6319,31769,Kojiki: Hyuuga-hen,Historical,Movie,1,5.86,148
6320,2278,Mahou Yuugi 3D,"Comedy, Magic",OVA,1,5.86,1148
6329,17267,Futari wa Milky Holmes,"Comedy, Mystery, Super Power",TV,12,5.85,6303
6330,1933,Growlanser IV: Wayfarer of the Time,Action,OVA,1,5.85,931
6333,21421,Mahou Shoujo Taisen,Magic,TV,26,5.85,12783
6339,3821,Portable Kuukou,"Music, Sci-Fi",Music,1,5.85,1515
6343,1766,Youseiki Suikoden,"Action, Fantasy, Martial Arts",OVA,1,5.85,1240
6352,5878,Love Position: Halley Densetsu,"Fantasy, Sci-Fi",OVA,1,5.84,398
6354,4929,Next Senki Ehrgeiz,"Action, Mecha, Sci-Fi",TV,12,5.84,472
6358,10373,Soul Link Picture Drama,"Romance, Sci-Fi",Special,3,5.84,603
6361,13041,Battle Break,"Action, Kids",ONA,1,5.83,189
6367,21427,Minna Atsumare! Falcom Gakuen,"Comedy, Parody, School, Seinen",TV,13,5.83,3175
6389,9629,Cyborg 009: The Reopening,"Action, Adventure, Mecha, Sci-Fi, Shounen",Special,1,5.81,971
6390,17513,Diabolik Lovers,"Harem, School, Shoujo, Vampire",TV,12,5.81,107960
6397,31377,Kataribe Shoujo Honoka,"Slice of Life, Supernatural",ONA,1,5.81,241
6403,2767,Taneyamagahara no Yoru,"Fantasy, Kids, Psychological, Slice of Life",Movie,1,5.81,2428
6412,32438,Mayoiga,"Drama, Horror, Mystery, Psychological",TV,12,5.8,117090
6419,31966,Sword Gai,"Action, Seinen, Supernatural",ONA,1,5.8,210
6420,6835,Umi no Mizu wa Naze Karai,Historical,Movie,1,5.8,531
6433,21055,Mission School,"Music, School",Music,1,5.79,243
6435,816,Nanako Kaitai Shinsho,"Comedy, Mecha, Military, Sci-Fi",OVA,6,5.79,6733
6436,2529,Princess Minerva,"Adventure, Comedy, Fantasy, Parody",OVA,1,5.79,805
6440,10463,Exper Zenon,"Action, Sci-Fi",Movie,1,5.78,623
6453,10313,Dallos Special,Fantasy,Movie,1,5.77,301
6475,19137,EDEN,Music,Music,1,5.75,1159
6479,6684,Marie & Gali Special,Comedy,Special,1,5.75,407
6483,25639,Toilet no Kamisama,Music,Music,1,5.75,165
6496,24011,Lance N' Masques,Fantasy,TV,12,5.73,31827
6499,23835,Moonrakers,"Drama, Sci-Fi, Space",ONA,1,5.73,1013
6500,24199,Oosouji,Music,Music,1,5.73,346
6501,28775,White Fantasy,"Fantasy, Sports",Special,1,5.73,503
6523,22469,Minihams no Kekkon Song,"Kids, Music",Music,1,5.71,147
6531,6777,Densha Kamo Shirenai,Music,Music,1,5.7,528
6539,2453,Dennou Sentai Voogie's★Angel,"Action, Drama, Mecha, Military, Sci-Fi",OVA,3,5.69,1132
6544,19925,KY Kei JC Kuukichan,"Comedy, School",ONA,6,5.69,394
6552,2058,Delpower X Bakuhatsu Miracle Genki!,"Action, Comedy, Mecha, Parody, School, Sci-Fi",OVA,1,5.68,644
6553,9650,Dream C Club Pure Songs Clips,Music,Music,2,5.68,358
6565,1343,Violence Jack: Hell's Wind-hen,"Action, Drama, Horror",OVA,1,5.68,3182
6574,22093,Mayonaka wa Junketsu,"Action, Music",Music,1,5.67,162
6575,33449,Moving Colors,Dementia,Movie,1,5.67,109
6578,19287,Reunion (Music),Music,Music,1,5.67,1229
6581,1052,Tokyo Juushouden,"Action, Adventure, Shounen, Supernatural",OVA,3,5.67,1001
6591,29515,Happy ComeCome,"Comedy, Sci-Fi, Slice of Life",Movie,1,5.65,758
6593,6061,Maryuu Senki,"Fantasy, Horror",OVA,3,5.65,812
6601,22411,Asa ga Kuru mae ni: Sasurai Version,"Music, Romance",Music,1,5.64,187
6602,2622,Big Wars: Kami Utsu Akaki Kouya ni,"Action, Military, Sci-Fi, Space",OVA,1,5.64,1512
6609,11189,Pair,Music,Music,1,5.64,675
6616,33170,"Kokoro ga Sakebitagatterunda. x Sony Hi-Res ""Walkman"" and Headphone",Drama,Special,1,5.63,1038
6622,10355,Twinkle Heart: Gingakei made Todokanai,"Adventure, Comedy, Space",OVA,1,5.63,307
6629,32950,RS Keikaku: Rebirth Storage,Mecha,Special,1,5.62,4648
6630,12993,Sono Mukou no Mukougawa,Music,Music,1,5.62,267
6642,22467,Minihams no Ai no Uta,"Kids, Music",Music,1,5.61,161
6651,22841,Okashina Hotel,Dementia,Special,1,5.6,309
6659,20581,Nekketsu Tantei Jimusho,"Comedy, Mystery, Parody",ONA,5,5.59,229
6664,31807,Sugio: Mori de Koi wo Shite,Comedy,ONA,3,5.59,101
6670,28041,Baguda-jou no Touzoku,"Adventure, Historical, Romance",Movie,1,5.58,185
6671,3597,Fantasia,"Comedy, Drama, Fantasy, Magic, Romance",OVA,1,5.58,877
6676,7296,Michi (Music),Music,Music,1,5.58,431
6680,24719,Shinrabanshou: Tenchi Shinmei no Shou,"Action, Fantasy, Shounen",ONA,1,5.58,326
6697,13519,Organic,Comedy,ONA,1,5.56,183
6710,8752,Message Song,Music,Music,1,5.55,168
6718,32084,"Watashitachi, Luck Logic-bu!","Comedy, School",TV,12,5.55,1417
6721,7255,Hanaori,Comedy,Movie,1,5.54,450
6730,1772,Seishoujo Kantai Virgin Fleet,"Fantasy, Military, School, Sci-Fi",OVA,3,5.53,892
6734,19977,The Impression of First Gundam,"Action, Mecha, Military, Sci-Fi, Space",Special,1,5.53,585
6740,32346,makemagic,"Fantasy, Music",Music,1,5.52,178
6747,6183,You Shoumei Bijutsukan Line,Fantasy,OVA,1,5.51,483
6751,19279,Pony Metal U-GAIM Promotion Film,"Action, Mecha, Music, Parody, Sci-Fi",Special,1,5.5,298
6752,3772,Saiko Robot Kombock,"Mecha, Sci-Fi",TV,25,5.5,2399
6753,2591,Samurai Spirits: Haten Gouma no Shou,"Adventure, Historical, Samurai, Shounen",Special,1,5.5,1958
6759,32934,Zonmi-chan: Meat Pie of the Dead,"Comedy, Horror, Supernatural",Special,1,5.5,676
6760,21107,Buddy Spirits,"Action, Mecha",ONA,1,5.49,343
6764,18425,Ikeike! Momon-chan Specials,Comedy,Special,3,5.49,321
6765,2088,Nora,"Adventure, Sci-Fi, Space",OVA,1,5.49,486
6766,19171,Sanjougattai Transformers Go!,"Mecha, Sci-Fi, Shounen",OVA,10,5.49,256
6780,3605,Princess Army: Wedding★Combat,"Action, Martial Arts, Romance, Shoujo",OVA,2,5.48,603
6784,33245,Ame-iro Cocoa in Hawaii,"Comedy, Slice of Life",TV,12,5.47,2516
6791,12599,Ijime: Ikenie no Kyoushitsu,"Drama, Shoujo",OVA,1,5.46,805
6794,28717,Luigi's Toy Adventure,Adventure,ONA,1,5.46,455
6798,1340,Yami no Shihosha Judge,"Horror, Seinen, Supernatural",OVA,1,5.46,1488
6807,1059,Mutant Turtles: Choujin Densetsu-hen,"Action, Adventure, Comedy, Sci-Fi, Super Power",OVA,2,5.45,1660
6809,4391,Saru Masamune,"Adventure, Military",Movie,1,5.45,659
6810,29956,Swimming,Dementia,Movie,1,5.45,125
6813,32789,Answer,"Music, Supernatural, Vampire",Music,1,5.44,103
6816,13085,Kitsutsuki Keikaku,Slice of Life,Movie,1,5.44,194
6818,29771,Recorder,"Dementia, Music",Movie,1,5.44,199
6823,15533,Yakimochi Caprice,Slice of Life,Special,2,5.43,328
6825,12561,Benkei tai Ushiwaka,"Action, Comedy",Movie,1,5.42,410
6829,7448,Pacusi,Comedy,TV,18,5.42,215
6833,28241,Ahiru Rikusentai,"Action, Historical, Kids, Military",Movie,1,5.41,178
6846,14743,Nara Shika Monogatari,Comedy,ONA,1,5.4,228
6848,31102,Taiko no Tatsujin: 15 Shuunenkinen Short Animation,Game,ONA,1,5.4,461
6849,25377,TOTO Green Challenge,Slice of Life,ONA,1,5.4,115
6851,5304,Akiba-chan,"Comedy, Kids, Slice of Life",TV,10,5.39,1383
6853,21875,Chou Akuukan Bouheki Cheese Napolitan,Music,ONA,1,5.39,554
6858,14023,R²: Rise R to the Second Power,Music,Music,1,5.39,240
6861,12865,Ai wa KAT-TUN,Comedy,ONA,5,5.38,1513
6863,5869,Chou no Sainan,Action,Movie,1,5.38,619
6865,15389,Kremlin,"Comedy, Seinen",ONA,5,5.38,458
6876,30162,Hone Hone Rock,"Kids, Music",Music,1,5.37,101
6878,31512,Love & Gift,Slice of Life,ONA,1,5.37,155
6881,3882,Seijuuki Cyguard,"Mecha, Sci-Fi, Supernatural",OVA,1,5.37,1632
6885,28531,Ai Tenchi Muyou! Recaps,"Comedy, Sci-Fi, Shounen",Special,10,5.36,2434
6891,14479,Mahoutsukai Nara Miso wo Kue!,"Fantasy, Magic, School",OVA,1,5.36,4179
6892,14563,Maji de Otaku na English! Ribbon-chan: Eigo de Tatakau Mahou Shoujo,"Comedy, Magic",TV,12,5.36,3467
6900,537,Tekken,"Action, Adventure, Martial Arts, Sci-Fi",OVA,2,5.35,9687
6907,1455,Makai Tenshou,"Action, Historical, Samurai, Supernatural",OVA,2,5.34,3970
6909,12521,Tentoumushi no Otomurai,Music,Music,1,5.34,309
6913,28245,Ari-chan,"Comedy, Music",Movie,1,5.33,163
6916,1833,Hyper-Psychic Geo Garaga,"Action, Adventure, Sci-Fi",Movie,1,5.33,674
6917,30948,Kowabon,Horror,TV,13,5.33,21026
6919,27785,Doamaiger D,"Action, Comedy, Mecha",TV,13,5.34,929
6920,6847,Gulliver Funtouki,Adventure,Movie,1,5.32,340
6924,3695,Spectral Force Chronicle Divergence,Fantasy,OVA,1,5.32,410
6928,6829,Izakaya no Ichiya,Action,Movie,1,5.31,406
6929,30327,New York Trip,Dementia,Movie,1,5.31,131
6931,2796,Afro-Ken,"Comedy, Kids",OVA,1,5.3,2199
6934,30076,Roba Chotto Suneta,Music,Music,1,5.3,107
6938,21179,Dragon Fist,"Action, Martial Arts, Shoujo",OVA,1,5.29,296
6939,10743,Tora-chan no Kankan Mushi,Drama,Movie,1,5.29,335
6948,3799,Speed,Comedy,Movie,1,5.28,525
6954,8680,Fuyu no Yoru no Ohanashi,"Kids, Music, Slice of Life",Music,1,5.27,172
6955,32291,Kakegae no,Drama,ONA,1,5.27,103
6964,7843,Kiekaketa Monogataritachi no Tame ni,Dementia,Movie,1,5.26,448
6968,8958,Potecco Babies,Comedy,ONA,2,5.26,184
6970,2181,TANK S.W.A.T. 01,Mecha,OVA,1,5.26,1332
6972,23401,Tobacco wa Dasai,"School, Slice of Life",ONA,1,5.26,222
6974,10710,Houkago no Pleiades: Manner Movie,Magic,Movie,1,5.25,1773
6976,24363,Kitsune to Circus,"Comedy, Kids",Movie,1,5.25,128
6978,30073,Onaka no Ookina Ouji-sama,Music,Music,1,5.25,115
6981,29932,Yume,Dementia,Movie,1,5.25,127
6984,28049,Numa no Taishou,"Adventure, Comedy",Movie,1,5.24,136
6986,28765,The Baby Birds of Norman McLaren,Music,Movie,1,5.24,208
6989,6181,Highway Jenny,Fantasy,OVA,1,5.23,677
6998,23933,Kyutai Panic Adventure!,"Action, Martial Arts, Shounen, Super Power",Special,1,5.21,700
6999,23053,Nisou no Kuzu,Psychological,Movie,1,5.22,265
7001,5874,Sankou to Tako: Hyakumanryou Chinsoudou,Action,Movie,1,5.22,369
7003,22175,The Harmonic Gleam Vibration,Dementia,Movie,1,5.22,150
7014,5017,Yume no Kakera,Music,Music,1,5.21,776
7015,32803,Dreaming Pupa: Yumemiru Bokura,Music,Music,1,5.2,96
7017,2310,Chou Kidou Densetsu DinaGiga,"Mecha, Sci-Fi",OVA,2,5.19,596
7019,10584,Mononoke Dance,"Dementia, Music",Music,1,5.19,568
7020,28197,Ofuro no Kazoe Uta,"Kids, Music",Music,1,5.19,130
7022,15455,Sakura,Fantasy,Movie,1,5.19,355
7023,31257,Spacy,Dementia,Movie,1,5.14,131
7036,18841,PES: Peace Eco Smile - Drive your Heart,"Cars, Romance, Sci-Fi",ONA,1,5.16,449
7037,14235,Salad Land,Fantasy,ONA,1,5.17,168
7040,6769,Mura Matsuri,Music,Movie,1,5.16,997
7041,7021,Ni-hiki no Sanma,Comedy,Movie,1,5.16,344
7043,5880,Oshiruko,Comedy,ONA,1,5.16,749
7048,17659,Gunnm 3D Special,"Action, Sci-Fi, Sports",OVA,1,5.15,1014
7054,6836,Issunboushi: Chibisuke Monogatari,"Action, Samurai",Movie,1,5.14,445
7056,1286,MD Geist II: Death Force,"Mecha, Military, Sci-Fi",OVA,1,5.14,4344
7057,2057,Ojousama Sousamou,"Action, Comedy, Mystery, Police",OVA,1,5.14,1427
7060,30074,Symphonic Variations,Music,Music,1,5.14,121
7071,30431,Anata mo Robot ni Nareru feat. Kamome Jidou Gasshoudan,Music,Music,1,5.12,137
7076,21891,Natsumi Step!,Music,Music,1,5.12,136
7080,31513,Aoki Seimei Hoken,Comedy,Special,1,5.11,158
7081,5299,Coffee Tadaiku,Slice of Life,Movie,1,5.11,413
7082,28993,Hand Soap,"Dementia, Psychological",Movie,1,5.11,246
7084,7259,Kenju Giga,"Parody, Psychological",Movie,1,5.11,480
7089,4250,Kore ga UFO da! Soratobu Enban,"Sci-Fi, Space",Movie,1,5.1,518
7090,8733,Tousan no Tsukutta Uta,"Fantasy, Music",Music,1,5.1,205
7095,4394,Norakuro Gochou,Adventure,Movie,1,5.09,444
7097,6837,Tengu Taiji,Comedy,Movie,1,5.09,501
7102,29944,Kuchao,Dementia,Movie,1,5.08,184
7105,7485,Urashima Tarou,Historical,Movie,1,5.08,409
7107,31014,Aru Zombie Shoujo no Sainan,"Action, Horror",Special,1,5.07,360
7117,10742,Saru to Kani no Gassen,Drama,Movie,1,5.06,200
7136,7512,Dambo,"Fantasy, Music",Music,1,5.03,316
7143,6346,Cherry no Manma,"Comedy, Romance, Shoujo",OVA,1,5.01,1061
7144,30332,Comics,Dementia,Movie,1,5.02,160
7163,15527,Hanabeam,Music,Music,1,4.95,290
7168,32400,KochinPa!,Comedy,TV,12,4.94,529
7169,6850,Norakuro Shoui: Nichiyoubi no Kaijiken,"Action, Military",Movie,1,4.94,443
7171,33042,Zonmi-chan: Halloween☆Special Movie!,"Comedy, Horror",ONA,1,4.94,276
7175,8604,Oshiri Kajiri Mushi,"Comedy, Music",Music,1,4.93,495
7182,22385,a_caFe,"Fantasy, Music",Music,1,4.91,343
7188,7192,Choujikuu Romanesque Samy: Missing 99,"Action, Sci-Fi",OVA,1,4.9,508
7196,2146,Canary,"Fantasy, Music, Romance, School",OVA,1,4.88,1212
7199,7501,Kintarou Taiiku Nikki,Comedy,Movie,1,4.88,174
7201,1102,Urda,"Action, Historical, Military, Sci-Fi",ONA,5,4.87,2248
7205,7031,Satsujinkyou Jidai,Fantasy,Movie,1,4.86,670
7218,30480,Bara Bara Film,Dementia,Movie,1,4.81,110
7223,32288,Jingle,Fantasy,ONA,1,4.8,214
7226,4462,Tairiki Tarou no Mucha Shuugyou,Action,Movie,1,4.8,852
7238,2972,Kindan no Mokushiroku: Crystal Triangle,"Adventure, Demons, Military, Mystery",OVA,1,4.75,878
7241,16692,Jigoku Youchien,"Demons, Kids, School",ONA,12,4.73,1062
7247,5661,Umi no Momotarou,Samurai,Movie,1,4.72,525
7249,31578,JK Meshi!,Comedy,TV,26,4.71,7131
7260,30339,Play Jazz,Dementia,Movie,1,4.69,119
7262,10585,Chuunen Punk,Music,Music,1,4.68,308
7264,11691,Bloody Date,Horror,ONA,1,4.66,1891
7267,7029,Tonari no Yarou,Comedy,Movie,1,4.65,482
7271,30328,Head Spoon,Dementia,Movie,1,4.62,129
7274,32467,Under the Dog: Anthea-chan,"Action, Comedy, Parody",ONA,1,4.62,2390
7285,29971,Landmark,Dementia,ONA,1,4.56,109
7291,22159,"Yami no Kioku, Yume no Inei",Dementia,Movie,1,4.53,181
7294,16802,Golden Batman,"Action, Kids",Movie,1,4.49,347
7301,7811,Yoru no Okite,Dementia,Movie,1,4.46,711
7329,11869,Bloody Night,"Horror, Psychological, Supernatural, Thriller",ONA,1,4.26,1292
7330,20811,Maid of the Dead,"Comedy, Horror",ONA,1,4.26,1595
7336,31687,◯,"Dementia, Music",ONA,1,4.22,448
7341,7024,Heya,"Comedy, Dementia",Movie,1,4.16,804
7343,30859,Memory of Red,Dementia,Movie,1,4.15,331
7357,28657,Red Colored Bridge,Psychological,Movie,1,3.9,450
7358,22377,Wonder Momo,"Action, Game, Martial Arts, School",ONA,5,3.9,3218
7364,6950,Aos,"Dementia, Fantasy",Movie,1,3.83,1080
7369,29995,The Embryo Develops into a Fetus,Dementia,ONA,1,3.76,727
7372,8689,Born by Myself,Psychological,ONA,1,3.73,935
7375,7022,G-senjou no Higeki,"Comedy, Dementia",Movie,1,3.68,562
7378,7028,Pop,Comedy,Movie,1,3.63,508
7381,32294,Ai (ONA),Romance,ONA,1,3.6,332
7382,31586,Mochibei,Dementia,Movie,1,3.58,549
7394,6953,Ningen Doubutsuen,Dementia,Movie,1,2.78,1893
7398,13405,Utsu Musume Sayuri,"Comedy, Dementia",OVA,1,2.14,4047
7401,33363,"""Eiyuu"" Kaitai","Fantasy, Super Power",OVA,1,7.33,578
7402,12763,0-sen Hayato,"Historical, Military",TV,38,6.25,147
7412,29835,47 Todoufuken Specials,"Comedy, Kids, Romance",Special,2,5.23,72
7425,16570,Agigongryong Doolie (Movie),Kids,Movie,1,5.48,155
7431,22621,Ahiru no Pekkle no Hihou wo Sagase,"Adventure, Fantasy, Kids",OVA,1,4.8,103
7436,24645,Ai Shoujo Pollyanna Story Specials,"Drama, Historical, Slice of Life",Special,2,6.11,173
7437,32150,Ai to Shi,Action,Special,1,5.0,69
7439,32806,Aikatsu!: Nerawareta Mahou no Aikatsu Card,"Music, School, Shoujo, Slice of Life",Movie,1,6.42,488
7440,32421,Aikodesho,"Kids, Music",Music,1,4.18,55
7442,25717,AIUEO Anime Sekai no Douwa: Aesop Monogatari Anime Series,"Adventure, Fantasy, Kids",TV,26,7.29,292
7448,18635,Akane-chan,"Comedy, School, Slice of Life",TV,26,6.09,195
7464,24647,Alps Monogatari: Watashi no Annette Specials,"Drama, Slice of Life",Special,2,5.77,132
7470,22959,Angel ga Tonda Hi,"Comedy, Slice of Life",Movie,1,5.67,77
7483,17117,Aoi Kioku: Manmou Kaitaku to Shounen-tachi,"Drama, Historical, Military",Movie,1,6.45,135
7485,29999,Aoki Uru: Overture,"Military, Sci-Fi",Special,1,5.75,361
7488,22851,Apo Apo World: Giant Baba 90-bun 1-hon Shoubu,"Comedy, Sports",Movie,1,5.14,72
7502,32255,Ashita Kirarin,"Drama, Kids",OVA,1,6.45,59
7506,21553,Asobo Toy-chan,Kids,TV,53,6.14,63
7514,24785,Awate Tokoya,Music,Music,1,3.7,92
7524,26017,Backkom Specials,"Comedy, Kids, Super Power",ONA,8,6.23,93
7525,15787,Backstage Idol Story,Music,TV,8,5.55,292
7536,13553,Bakusou Circuit Roman Twin,Sports,OVA,1,6.0,135
7541,16514,Batsu & Terry,"Comedy, Drama, School, Shounen, Sports",Movie,1,6.19,152
7549,19547,Beompeoking Jaepeo,"Action, Cars",TV,26,4.85,91
7559,10200,Bikkuriman: Moen Zone no Himitsu,"Action, Adventure, Kids",Movie,1,5.42,108
7561,8520,Biriken,"Comedy, Kids",TV,32,5.22,102
7565,24793,Bloody Bunny,Comedy,TV,26,5.26,170
7566,4680,Bocchan,Historical,Special,1,6.17,317
7568,23731,"Boku datte, Kirei ni Shitainda",Kids,OVA,1,4.0,54
7569,31003,Boku no Aozora,"Drama, Kids",OVA,1,8.5,44
7571,26291,Boku no Diet Daisakusen,"Drama, Kids",OVA,1,5.75,52
7572,20189,Boku no Son Gokuu,"Adventure, Fantasy, Kids",Movie,1,5.79,186
7574,32859,Boku wa Kimi wo Warawanai,Music,Music,1,5.4,80
7576,24791,Boku wa Ou-sama,Kids,OVA,4,6.43,58
7578,24795,Boku wa Ou-sama (TV) Special,Kids,Special,1,6.89,53
7584,8416,Bonobono,Comedy,Movie,1,6.81,148
7591,8182,Bouken Shounen Shadar,"Adventure, Horror",TV,156,6.65,184
7593,28983,Bouken-tachi Gamba to Nanbiki no Nakama,"Adventure, Kids",Movie,1,6.71,95
7597,10435,Boyfriend,"Romance, Shoujo, Sports",Special,1,5.68,243
7598,10044,Brave Fire S0.9,"Mecha, Sci-Fi",Special,1,5.88,144
7603,30202,Bucket no Ana,Music,Music,1,4.13,57
7604,10210,Bug tte Honey,"Adventure, Comedy",TV,51,6.3,146
7605,31868,Bug tte Honey: Megarom Shoujo Mai 4622,"Adventure, Comedy",Movie,1,6.0,58
7614,6671,Byeolnala Samchongsa,"Adventure, Sci-Fi",Movie,1,5.07,151
7625,18071,Chalk-iro no People,"Romance, Seinen",OVA,1,5.29,92
7634,29862,Channel 5.5 4th Season Prologue,Comedy,ONA,1,4.81,157
7637,30959,Charamaru-kun to Dokumaru-kun,"Kids, Super Power",OVA,1,7.4,36
7638,30228,Chel-in sacheon-wang,"Action, Sci-Fi",Movie,1,4.43,47
7642,18271,Cheorin Samchongsa,"Action, Mecha, Sci-Fi, Shounen, Space",Movie,1,4.0,114
7645,8025,Chi-Sui Maru,Comedy,TV,41,5.63,185
7649,27855,Chibi Neko Chobi/Chibi Neko Kobi to Tomodachi,Kids,OVA,1,5.71,57
7657,32419,Chibinacs 3,Comedy,TV,25,4.43,36
7658,33862,Chichi Kaeru,Drama,ONA,1,4.56,41
7665,29385,Chii-chan to Hige Ojisan,"Kids, Slice of Life",TV,10,5.8,49
7670,24269,Chiisana Kyojin Microman: Daigekisen! Microman vs. Saikyou Senshi Gorgon,"Action, Adventure, Mecha, Sci-Fi, Shounen, Super Power",Movie,1,4.69,93
7677,8563,Chikyuu Monogatari Telepath 2500,"Adventure, Drama, Sci-Fi",Movie,1,5.52,254
7678,14623,Chikyuu SOS Sore Ike Kororin,"Action, Comedy, Kids, Sci-Fi",TV,26,5.78,87
7679,30634,Chikyuu wo Mitsumete,"Sci-Fi, Space",Movie,1,5.2,70
7680,17457,Chingou Muchabee,"Adventure, Comedy",TV,26,6.75,80
7685,17689,Chironup no Kitsune,Drama,Movie,1,7.48,196
7691,23191,Chokin no Susume,Comedy,Movie,1,6.0,71
7694,6636,Chou Kousoku Galvion,"Action, Mecha, Military, Police",TV,22,6.32,364
7698,32218,Choujikuu Seiki Orguss Memorial,"Action, Adventure, Mecha, Romance, Sci-Fi, Shounen",OVA,2,6.43,64
7700,30571,Chouon Senshi Borgman: Madnight☆Gigs!,"Action, Demons, Music, Sci-Fi, Shounen",OVA,1,4.82,102
7709,30818,City Hunter: Ryou no Propose,"Action, Comedy, Mystery, Police",OVA,1,6.8,1070
7710,25969,Clock,Dementia,Special,1,4.04,84
7714,13503,Cofun Gal no Coffy (TV),"Comedy, Parody",TV,12,6.9,77
7718,13507,Cofun Gal no Coffy: Okehazama no Tatakai,"Comedy, Historical, Parody",Movie,1,5.13,66
7720,32628,Columbus no Daibouken,Historical,OVA,1,6.5,35
7721,16794,Computer Haekjeonham Pokpa Daejakjeon,"Action, Sci-Fi, Shounen",Movie,1,4.22,119
7723,25985,Contact,"Comedy, Kids, Sci-Fi",Special,1,5.0,102
7735,33687,Cyborg 009: Call of Justice 3,"Action, Adventure, Mecha, Sci-Fi, Shounen",Movie,1,4.33,377
7737,6760,Cynical Hysterie Hour: Henshin!,Comedy,Movie,1,5.23,105
7739,6762,Cynical Hysterie Hour: Utakata no Uta,Comedy,Movie,1,6.15,126
7740,6761,Cynical Hysterie Hour: Yoru wa Tanoshii,Comedy,Movie,1,5.59,102
7741,19905,"Dai-chan, Daisuki.","Drama, School, Slice of Life",Movie,1,6.13,91
7743,22329,Daisougen to Hakuba,"Adventure, Historical",OVA,1,6.83,79
7745,16554,Dallyeola Majing-ga-X,"Mecha, Sci-Fi",Movie,1,4.13,94
7750,14631,Dangerous Jiisan Ja,"Comedy, Kids",OVA,2,6.27,126
7759,23855,Dennou Sentai Voogie's★Angel Gaiden: Susume! Super★Angels!,"Action, Comedy, Mecha, Parody, Sci-Fi",OVA,2,5.25,110
7763,31746,Dochamon Junior,"Comedy, Kids",TV,16,5.09,85
7780,25193,Donguri Mori e,"Fantasy, Kids",OVA,1,4.25,55
7798,7498,Doubutsu Olympic Taikai,Comedy,Movie,1,4.51,149
7810,31261,Drill,Dementia,Movie,1,3.4,106
7832,29423,En En Nikoli,"Adventure, Kids, Music",Special,3,5.4,40
7838,18307,Eunhajeonseol Tera,"Action, Adventure, Sci-Fi, Shounen, Space",Movie,1,3.79,89
7840,33114,Experiment,Dementia,Movie,1,4.0,60
7846,18443,Field ni Soyogu Kaze,"Shounen, Sports",OVA,1,5.23,80
7851,33536,Fly,Fantasy,ONA,1,3.73,47
7861,30173,Fruity Samurai,"Action, Comedy, Historical, Samurai",TV,13,5.52,134
7863,23983,Fuichin-san,"Drama, Historical, Kids, Shoujo",OVA,1,6.6,50
7867,33864,Fujilog (ONA),"Comedy, Music",ONA,2,3.58,42
7870,30163,Fuki to Hiyoko,"Kids, Music",Music,1,5.07,89
7871,23973,Fuku-chan,"Kids, Slice of Life",TV,71,5.0,56
7882,33842,Fushigi no Yappo Shima: Pukipuki to Poi,Kids,TV,25,8.5,24
7913,26163,Ganbare! Lulu Lolo 2nd Season,"Kids, Slice of Life",TV,26,4.56,111
7914,31753,Ganbare! Lulu Lolo 3rd Season,"Kids, Slice of Life",TV,10,6.29,114
7931,8155,Gegege no Kitarou: Gekitotsu!! Ijigen Youkai no Daihanran,"Adventure, Comedy, Fantasy, Horror, Supernatural",Movie,1,6.66,214
7936,8154,Gegege no Kitarou: Saikyou Youkai Gundan! Nippon Jouriku!!,"Adventure, Comedy, Fantasy, Horror, Supernatural",Movie,1,6.53,221
7938,28103,Gegege no Kitarou: Youkai Japan Rally 3D,"Adventure, Cars, Fantasy, Supernatural",Movie,1,4.3,107
7940,33823,Genbaku Dome Monogatari,"Drama, Historical",OVA,1,7.0,21
7944,8233,Genji,"Historical, Magic, Romance",OVA,2,6.38,383
7956,25363,Gensei Shugoshin P-hyoro Ikka OVA,"Adventure, Fantasy, Shoujo",OVA,3,5.25,81
7965,9388,Ginga Hyouryuu Vifam: Atsumatta 13-nin,"Action, Adventure, Mecha, Sci-Fi",OVA,1,6.07,123
7966,14067,Ginga Hyouryuu Vifam: Chicago Super Police 13,"Action, Comedy, Parody, Police",Special,1,6.0,126
7968,33025,Ginga Kikoutai Majestic Prince Movie: Kakusei no Idenshi,"Action, Mecha, School, Sci-Fi, Seinen, Space",Movie,1,7.0,1849
7969,31385,Ginga Shounen Tai,"Action, Adventure, Kids, Space",TV,92,6.38,79
7971,30481,Ginga Tetsudou 999 for Planetarium,"Adventure, Drama, Sci-Fi, Space",Movie,1,6.8,231
7976,27621,Glass no Kamen Desu ga to Z,"Comedy, Parody",TV,14,6.02,273
7984,24905,Go-hiki no Kobuta to Charleston,Music,Music,1,4.0,85
7985,29918,Go-hiki no Kozaru-tachi,Demons,Movie,1,3.88,78
7988,30796,Gokudou Sakaba Denden: Gokudou Daisensou Gaiden,Comedy,ONA,3,5.5,60
7996,9535,Gongitsune,Adventure,Movie,1,7.22,312
8001,5477,Gozonji! Gekkou Kamen-kun,"Comedy, Parody, Sci-Fi",TV,25,7.0,178
8002,27521,Gra-P & Rodeo,"Comedy, Music",TV,61,5.6,163
8005,29355,Grasshopper Monogatari,"Kids, Music",Music,1,4.18,65
8014,28347,Guitar Shoujo!,Slice of Life,Special,1,4.54,134
8017,24053,Gunners,"Action, Mecha",ONA,1,4.51,102
8028,23585,Haha wo Tazunete Sanzenri Specials,"Adventure, Drama, Slice of Life",Special,2,6.14,138
8036,19495,Hakusai Anime,"Comedy, Romance, School, Slice of Life",ONA,3,6.56,260
8048,17263,Hanakappa Movie: Hana-sake! Pakkaan Chou no Kuni no Daibouken,"Comedy, Kids",Movie,1,6.2,92
8049,30927,"Hanakappa no Koutsuu Anzen: Cake wo Momomete Migi, Hidari, Migi","Drama, Fantasy, Kids",OVA,1,4.67,35
8052,9811,Hanasaka Tenshi Tenten-kun,"Comedy, Fantasy",TV,43,6.75,109
8059,29269,Hangyodon no Parallel Daisakusen: Mirai Sekai wa Oosawagi,"Kids, Sci-Fi",OVA,1,5.67,50
8060,28575,"Hanshin Awaji Daishinsai ni Manabu: Boku wa, Ano Hi wo Wasurenai.","Drama, Historical, Kids",OVA,1,7.0,44
8066,24877,Hare Tokidoki Buta,"Comedy, Kids",Movie,1,4.7,67
8074,10539,Hato no Oyome-san,Comedy,TV,22,3.62,168
8077,10603,Hayabusa: Back to the Earth,Historical,Movie,1,5.8,125
8081,23015,Hazedon,"Adventure, Comedy, Kids",TV,26,5.8,61
8084,10964,Heavy,"Action, Drama, Sports",Movie,1,6.2,140
8088,24257,Heisei no Cinderella: Kiko-sama Monogatari,"Historical, Romance",Special,1,5.06,86
8089,18389,Heisei Policemen!!,"Comedy, Police",ONA,6,5.78,147
8090,19961,Heisei Tensai Bakabon,"Comedy, Slice of Life",TV,46,6.77,156
8091,24465,Heli-Tako Puu-chan,"Comedy, Kids",TV,42,6.86,61
8093,30264,Hello Kitty no Cinderella (OVA),"Fantasy, Kids",OVA,1,5.83,99
8094,22455,Hello Kitty no Circus ga Yatte Kita,"Fantasy, Kids",OVA,1,6.51,113
8097,18085,Hello Kitty no Hakuchou no Ouji,"Fantasy, Kids",OVA,1,6.26,143
8105,22487,Hello Kitty no Match Uri Shoujo,"Fantasy, Kids",OVA,1,6.91,134
8110,17955,Hello Kitty no Nemureru Mori no Bijo,"Fantasy, Kids",OVA,1,6.64,159
8116,22483,Hello Kitty no Sanbiki no Kobuta,"Fantasy, Kids",OVA,1,6.33,95
8119,18825,Hello Kitty no Shiawase no Tulip,Kids,Special,1,6.14,109
8120,17951,Hello Kitty no Shirayuki-hime,"Fantasy, Kids",OVA,1,6.31,152
8128,22461,Hello Kitty no Yume Dorobou,"Fantasy, Kids",OVA,1,6.05,99
8132,30064,Hello Kitty to Miyou: Aesop Monogatari,"Fantasy, Kids",OVA,4,5.25,65
8139,4417,Hennako-chan,Comedy,ONA,6,6.04,129
8140,28353,Henteko na Volunteer,"Drama, Slice of Life",OVA,1,8.33,44
8148,23675,Hi no Tori: Kizuna-hen,"Fantasy, Kids",Special,1,7.56,138
8157,32943,Hikari: Kariya wo Tsunagu Monogatari,Sports,Special,1,5.52,171
8160,33580,Hikaru no Gen-chan,"Historical, Kids, Music",Music,1,4.58,38
8161,31235,Hikawa Maru Monogatari,"Drama, Historical",Movie,1,7.3,259
8165,22821,Himitsukessha Taka no Tsume EX,"Comedy, Parody, Super Power",TV,38,6.7,105
8166,13207,Himitsukessha Taka no Tsume Gaiden: Mukashi no Yoshida-kun,"Comedy, Historical, Parody",TV,9,5.37,126
8172,30753,Himitsukessha Taka no Tsume The Movie 4: Kaspersky wo Motsu Otoko,"Comedy, Parody",OVA,1,6.4,54
8174,13433,himitsukesshatakanotsume.jp,"Comedy, Parody, Super Power",ONA,78,6.1,101
8176,17405,Hino Hideshi Toukaidou Yotsuya Kaidan,Horror,OVA,1,6.17,213
8183,34115,Hitori de Nayamanaide Issho ni Kangaeyou,Drama,Movie,1,4.22,29
8187,10509,Hoero! Bun Bun (Movie),Kids,Movie,1,6.28,120
8191,30134,Hong Gil Dong 2084,"Action, Adventure",Movie,1,5.0,55
8194,6150,Hong Xing Xiao Yong Shi,"Historical, Kids, Slice of Life",Movie,1,6.13,145
8208,33305,Hua Jianghu Zhi Ling Zhu,"Action, Drama, Fantasy, Historical, Martial Arts",ONA,41,7.57,171
8210,19957,Huckleberry no Bouken (Movie),"Adventure, Drama, Historical",Movie,1,5.93,111
8214,16776,Hurdle,Drama,Movie,1,5.14,109
8215,19681,Hustle Punch,"Comedy, Fantasy, Kids",TV,26,6.63,157
8220,19071,"Hyakumannen Attara, Dousuru?",Kids,OVA,1,5.0,61
8221,10238,Hybrid Deka,Comedy,Movie,1,5.0,94
8222,22887,Hyokkori Hyoutan Shima,"Adventure, Kids",Movie,1,6.4,59
8223,9781,Hyouga Senshi Gaislugger,"Action, Mecha, Sci-Fi",TV,20,6.37,155
8224,29671,Hyoutan,Psychological,Movie,1,4.74,88
8228,6060,Ichigatsu ni wa Christmas,Romance,OVA,1,5.93,247
8229,9518,Ichigo Ichie: Kimi no Kotoba,Comedy,TV,13,6.9,274
8230,3164,Ichigo Ichie: Koibana Tomobana,Comedy,TV,13,7.1,260
8234,32254,Ijigen Gattai Mojibakeru Z,"Game, Kids",ONA,1,5.35,59
8236,28483,Ijime wa Zettai Warui!,"Drama, School, Slice of Life",OVA,1,7.67,46
8237,26329,Ijimekko Ookami to Nana-chan,"Drama, Kids",OVA,1,8.0,66
8256,32227,Inemuri Buu-chan,Kids,Movie,1,4.11,53
8263,10847,Inumarudashi,Comedy,TV,4,5.47,332
8267,11421,Iruka to Shounen,"Adventure, Kids",TV,13,5.04,118
8268,25305,Isewan Taifuu Monogatari,"Drama, Historical",Movie,1,7.4,99
8270,28021,Ishii Hisaichi no Nanda Kanda Gekijou,"Comedy, Martial Arts, Sci-Fi, Space",OVA,2,8.0,62
8273,10760,Issunboushi,Drama,Movie,1,6.0,120
8276,9496,Itoshi no Betty Mamonogatari,"Fantasy, Romance, Seinen",Movie,1,5.39,134
8280,26119,Iwata Kunchi no Obaachan,"Drama, Historical, Kids",OVA,1,6.33,52
8283,29367,Jam the Housnail,"Adventure, Kids",TV,15,7.0,49
8284,18323,Jangdokdae,"Drama, Historical",Movie,1,4.36,60
8296,28489,Jigoku Koushien,"Comedy, Horror, Shounen, Sports",OVA,1,5.14,69
8298,32800,Jijii: Owari no Hajimari,Music,Music,1,4.28,66
8300,33886,Jikkyou Chuukei,"Dementia, Music",Music,1,4.31,52
8307,28549,Jishin ga Kitarou Dousuru? Mushi Mushi Mura no Bousai Kunren,"Drama, Kids",OVA,1,6.33,48
8311,30392,Joukyou Monogatari,Slice of Life,Movie,1,5.4,110
8314,19063,Judo-bu Monogatari,"School, Sports",OVA,2,5.88,82
8315,32092,Juicy Jungle,"Music, Sci-Fi",Music,1,3.56,63
8317,18533,Jungle Taitei Leo: Hon-o-ji,"Adventure, Drama",Movie,1,6.77,190
8320,9525,Junod,"Drama, Historical",Special,1,6.97,235
8322,29409,Juu-nin no Chiisa na Indian,Kids,Movie,1,3.5,103
8326,31016,Juuroku Jizou Monogatari: Sensou no Gisei ni Natta Kodomo-tachi,"Drama, Historical, Kids",OVA,1,6.33,39
8328,9606,Kaba no Potomasu,Kids,Movie,1,6.13,68
8332,32473,Kabocha no Oji-san,"Kids, Music",Music,1,4.75,38
8333,29748,Kabushiki Kaisha Zoo,"Comedy, Kids",TV,12,6.33,46
8340,30457,Kachikachi Yama no Shouboutai,Comedy,Movie,1,6.19,101
8341,33133,Kachikachi Yama: Umi Yama-hen,Fantasy,Movie,1,5.5,56
8344,29870,Kagami,Romance,Movie,1,4.49,119
8348,29529,Kagee Aesop Monogatari,"Adventure, Demons, Drama, Fantasy, Historical, Kids, Magic, Romance, Supernatural",TV,26,7.17,85
8358,22977,Kaibutsu-kun: Kaibutsu Land e no Shoutai,"Comedy, Horror, Kids, Shounen",Movie,1,6.22,83
8367,21551,Kaitei Toshi no Dekiru made,Sci-Fi,Movie,1,8.0,64
8369,19053,Kaitou Jigoma Ongaku-hen,Music,Movie,1,4.75,88
8380,19993,Kaminari Boy Pikkaribee★,"Adventure, Comedy, Kids",TV,54,6.2,64
8388,13821,"Kamiusagi Rope tsuka, Natsuyasumi Rasuichi tte Maji ssuka!?","Adventure, Comedy, Slice of Life",Movie,1,5.58,113
8392,30442,Kana Kana Kazoku x Himitsukessha Taka no Tsume Collaboration Film,Comedy,ONA,1,4.45,71
8395,30443,Kana Kana Kazoku: Shinnen no Goaisatsu,Comedy,ONA,1,3.74,84
8399,30167,Kanashiki Mongoose,"Kids, Music",Music,1,3.36,90
8403,18583,Kangetsu Ittou: Akuryou Kiri,"Action, Martial Arts, Samurai",OVA,2,5.23,91
8414,7479,Karate Baka Ichidai,"Historical, Martial Arts, Sports",TV,47,7.35,301
8416,9371,Karl to Fushigi na Tou,Kids,TV,26,5.14,176
8420,32623,Kasa Jizou,"Fantasy, Historical",Movie,1,4.43,40
8423,31926,Kashikokimono,Music,Movie,1,4.93,121
8441,19515,Kentoushi,"Seinen, Sports",OVA,3,6.25,88
8451,22615,Kero Kero Keroppi no Kero Kero House no Himitsu,"Fantasy, Kids",OVA,1,6.84,78
8456,22647,Kero Kero Keroppi no Sora Tobu Yume no Fune,"Fantasy, Kids",OVA,1,6.62,67
8457,22645,Kero Kero Keroppi no Sora wo Tobetara,"Adventure, Kids",OVA,1,6.45,69
8471,5928,Kigyou Senshi Yamazaki: Long Distance Call,"Drama, Sci-Fi, Seinen",OVA,1,5.92,168
8474,8492,Kikansha Yaemon,"Fantasy, Kids",Movie,1,5.64,89
8479,17483,Kiki to Lala no Hansel to Gretel,Kids,OVA,1,4.0,82
8481,29249,Kiki to Lala no Mamatte Suteki!,"Kids, Magic",OVA,1,5.43,61
8482,17485,Kiki to Lala no Ohimesama ni Naritai,Kids,OVA,1,5.65,98
8483,17979,Kiki to Lala no Papa to Mama ni Aitai,Kids,OVA,1,4.88,86
8484,8883,Kikou Heidan J-Phoenix: PF Lips Shoutai,"Comedy, Mecha",OVA,3,5.61,188
8487,22595,Kimezou no Kimarimonku Ja Kimaranee.,Comedy,ONA,12,4.91,64
8489,30976,Kiminari Dousuru? Yuukai Itazura: Sarenai Tame ni,"Drama, Kids",OVA,1,7.0,34
8490,19941,Kimu no Juujika,"Drama, Historical",Movie,1,7.5,71
8493,33034,Kiniro Mosaic: Pretty Days,"Comedy, School, Slice of Life",Movie,1,7.23,4505
8494,26231,Kiniro no Kujira,"Drama, Kids",OVA,1,5.67,51
8496,3277,Kinnikuman: Haresugata! Seigi Choujin,"Action, Comedy, Shounen, Sports",Movie,1,6.3,280
8506,33858,Kissaten Soudou,Comedy,ONA,1,3.46,34
8507,32693,Kitakaze to Taiyou,Kids,Movie,1,4.56,48
8510,26327,Kitsune to Budou,"Drama, Kids",OVA,1,5.8,70
8512,29549,Kitty to Daniel no Odoru Santa-san no Himitsu,"Fantasy, Kids",OVA,1,6.2,48
8516,34286,KiyaKiya,Psychological,Music,1,5.67,26
8538,26091,Koe wo Kikasete,"Drama, Kids",OVA,1,8.33,47
8539,26345,Kogitsune no Okurimono,"Drama, Fantasy, Kids",OVA,1,6.5,52
8541,6261,Koguma no Misha,"Adventure, Comedy, Drama, Kids",TV,26,6.42,153
8542,24489,Koha Ginjiro,"Action, Drama, School, Shounen",OVA,3,5.6,74
8544,30968,Kokoro no Catchball,"Kids, Sports",OVA,1,7.33,34
8551,29738,Konchuu Monogatari Tentoumu Chu! to Mitsubachi Hatsu Chu!,Music,TV,10,5.47,75
8552,16263,Konchuu Tsurezuregusa,"Kids, Slice of Life",OVA,1,5.8,83
8553,24073,Konna Watashitachi ga Nariyuki de Heroine ni Natta Kekka www,"Comedy, Fantasy",Movie,1,5.5,176
8560,10335,Konpeki no Kantai: Sourai Kaihatsu Monogatari,"Historical, Military",Special,1,6.45,164
8575,2173,Kouchuu Ouja Mushiking Super Battle Movie: Yami no Kaizou Kouchuu,"Adventure, Fantasy",Movie,1,5.94,181
8582,33528,Kubbe Kort Animasjon,Fantasy,ONA,24,5.64,44
8586,19781,Kuiba III: Zhanshen Jueqi,"Action, Adventure, Fantasy, Kids",Movie,1,6.82,176
8610,18773,Kuwagata Tsumami,Comedy,ONA,84,6.5,68
8611,28109,Kuzuryuugawa to Shounen,"Drama, Historical",OVA,1,7.75,61
8631,30099,Lao Fu Zi Zhi Xiao Shui Hu Chuan Qi,"Comedy, Seinen",Movie,1,6.15,60
8636,30343,Legend of the Moles: The Frozen Horror,"Adventure, Fantasy, Kids",Movie,1,6.0,45
8638,6065,Lemon Angel YJ-ban,"Romance, School",OVA,2,5.71,217
8642,22421,Licca-chan to Mahou no Kuni,"Fantasy, Kids",ONA,7,4.38,72
8651,28097,Little Twins,"Adventure, Kids",OVA,3,6.0,62
8654,17102,Lolling Seutajeu,"Kids, Sports",TV,26,5.6,84
8655,17104,Lolling Seutajeu (Movie),"Kids, Sports",Movie,1,6.0,63
8660,23899,Lovely Movie: Itoshi no Muco Specials,Slice of Life,Special,3,4.67,166
8667,19971,Machi Ichiban no Kechinbou,"Drama, Historical, Music, Supernatural",Special,1,5.61,117
8672,3828,Maegami Tarou,Adventure,Special,1,6.08,105
8673,31463,"Maemilggot, Unsu Joeun Nal, Geurigo Bombom","Drama, Slice of Life",Movie,1,5.5,67
8677,15407,Magical Suite Prism Nana,Magic,OVA,7,7.93,6797
8681,33358,Mahou no Star Magical Emi: Finale! Finale!,"Comedy, Magic, Shoujo",OVA,1,6.0,107
8687,20499,Maji,"Drama, Shounen",OVA,3,6.17,109
8690,30051,Mak Dau Dang Dang Ban wo Xin,Comedy,Movie,1,6.11,56
8691,9817,Mak Dau Goo Si,Comedy,Movie,1,7.02,136
8692,30052,Mak Dau wo He wo Mama,Comedy,Movie,1,6.25,56
8694,28577,Makehen de! Roku-nen San-kumi no Hanshin Daishinsai,"Drama, Historical, Kids",OVA,1,8.0,37
8697,20229,Makkuro na Obentou,"Drama, Historical",Movie,1,7.67,103
8701,29782,Malay Oki Kaisen,"Historical, Military",Movie,1,4.21,85
8709,30930,Mameushi-kun no Koutsuu Anzen,"Drama, Kids",OVA,1,6.0,35
8722,23001,Manga Jinbutsushi,Historical,TV,365,6.91,71
8725,11829,Manga Mitokoumon,Historical,TV,46,7.15,169
8728,9856,Manga Nihon Emaki,Historical,TV,46,6.17,122
8731,22509,Manga Nihonshi (NHK Han),Historical,TV,40,7.55,188
8732,10282,Manga Nippon Mukashibanashi,Historical,TV,12,5.95,174
8734,24683,Manzai Taikouki,"Comedy, Historical, Seinen",Movie,1,5.14,53
8737,16784,Marin X,"Action, Adventure, Mecha, Sci-Fi, Shounen",Movie,1,4.08,76
8746,33843,Matsubara-kun: Mackie E no Ouen Message,Comedy,ONA,1,3.38,48
8748,25301,Maya no Isshou,"Drama, Historical, Slice of Life",Movie,1,8.75,66
8750,29719,Maze Maze Wien,Dementia,Movie,1,5.9,59
8754,11711,Me wo Samase Toragorou,Kids,Special,1,5.67,69
8756,31009,Mebuki,"Drama, Kids",OVA,1,7.0,34
8757,16834,Mecha Robot Corps 3,"Action, Adventure, Mecha, Shounen",Movie,1,4.31,82
8762,25491,Megumi to Taiyou III: Kajuu Gummi Tweet Fantasy - Timeline World,Fantasy,Special,1,4.94,128
8771,21447,Meitantei Rascal,"Adventure, Kids, Mystery",TV,12,5.52,162
8774,18331,Meoteoldosawa 108 Yogoe,"Action, Adventure, Fantasy, Shounen",Movie,1,5.44,67
8777,16586,Michitekuru Toki no Mukou ni,"Adventure, Fantasy, Romance",Special,1,6.9,126
8791,19597,Milk House Dreaming: Ai no Shiki,"Music, Shoujo",OVA,1,4.81,122
8794,26319,Mimizuku to Tsuki-sama,"Drama, Kids",OVA,1,5.8,43
8803,7452,Mini Moni Yaru no da Pyon!,Comedy,TV,66,4.78,146
8812,16021,Miracle Psychicer Seizan,"Action, Adventure, Fantasy",OVA,5,7.12,97
8813,5374,Miracle! Mimika,"Kids, Slice of Life",TV,225,5.28,145
8815,32251,Mirai e no Kakehashi: Bridge for Future,Slice of Life,ONA,6,5.18,282
8816,29365,"Mirai e no Niji: Boku no Ojisan wa, Hansen-byou","Drama, Kids",OVA,1,8.5,45
8817,16159,Mirai Kara Kita Shounen Super Jetter,"Action, Comedy, Sci-Fi, Super Power",TV,52,5.43,108
8820,25053,Mister Ajikko Special,"Comedy, Shounen",Special,1,6.82,119
8830,33228,Mobile Suit Gundam-san: Hiyoko day's Ichisuisei Hiyoko to Fushigi na Ofuda,"Comedy, Mecha, Parody",Special,1,5.64,222
8834,11959,Moeru! Oniisan (OVA),Comedy,OVA,2,5.89,104
8843,10758,Momotarou,Drama,Movie,1,5.57,183
8845,11533,Momotarou Densetsu,"Adventure, Comedy",TV,51,6.35,150
8846,28553,Momotarou no Hi Asobi Yameyou! Hi no Youjin,"Drama, Fantasy, Historical, Kids",OVA,1,6.0,39
8849,31924,Monchhichiisu,Kids,TV,20,4.8,39
8851,9797,MonHun Nikki Girigiri Airou Mura: Airou Kiki Ippatsu Specials,"Action, Comedy",Special,2,6.08,227
8853,22221,Monoshiri Daigaku: Ashita no Calendar,Historical,TV,1274,6.8,112
8860,33116,Mori no Ongakutai,"Fantasy, Kids",Movie,1,4.69,47
8861,20173,Mori no Senshi Bonolon,"Adventure, Fantasy, Kids",TV,26,4.57,66
8869,17605,Mr. Pen Pen II,"Comedy, Kids, Shoujo",Special,1,5.78,63
8871,31639,Mr. Shape: High Touch Taisou,"Kids, Music",ONA,1,4.11,65
8872,2735,Mugen Senki Portriss,"Action, Mecha, Sci-Fi, Shounen",TV,52,5.33,161
8877,29895,Muku no Ki no Hanashi,Kids,Movie,1,4.04,84
8880,14253,My Melody no Akazukin,"Fantasy, Kids",Movie,1,5.6,146
8883,17100,Nae Ireumeun Dokgotak,Sports,Movie,1,5.0,66
8886,26147,Nagasaki no Kouma,"Historical, Kids",Movie,1,7.33,50
8887,32776,Nagisa,Music,Music,1,3.85,69
8894,25083,Nanatsu no Umi no Tico Specials,"Adventure, Slice of Life",Special,2,6.78,137
8898,30398,Nani ga Dekiru ka na,Comedy,Movie,1,3.52,101
8899,33861,Nani no Yaku ni Mo Tatanai Karappona Hanashi,Comedy,ONA,2,3.5,33
8906,24549,Naniwabushi Daisuki,"Drama, Historical, Sports",Special,1,7.0,49
8913,28695,Nansensu Monogatari Dai Ippen: Sarugashima,Adventure,Movie,1,5.11,126
8914,29715,Nar Doma,Comedy,TV,26,5.02,2124
8916,32275,Nar Doma Special,Comedy,Special,1,8.0,71
8917,32136,Narara Superboard,"Action, Adventure, Comedy",TV,54,4.83,46
8918,16810,Narara Wondeogongju,"Action, Adventure, Sci-Fi, Space, Super Power",Movie,1,3.25,87
8938,30647,Nemuranu Machi no Cinderella: Hirose Ryouichi - Memorial Date,Romance,ONA,1,5.24,255
8939,27843,Nemurenu Yoru no Chiisana Ohanashi,Kids,OVA,3,6.25,53
8953,8891,Nihon-ichi no Otoko no Tamashii 2,"Comedy, Romance",TV,16,6.57,187
8959,25059,"Nikoniko, Pun","Comedy, Fantasy, Kids",TV,40,5.88,62
8967,32788,Ningyo no Hanashi,"Fantasy, Music",Music,1,4.68,66
8973,33060,Ninja Negizou,"Kids, Music",Music,1,5.0,40
8991,7495,Nonki na Tou-san Ryuuguu Mairi,Supernatural,Movie,1,5.5,105
8992,18573,Noobow,"Kids, Slice of Life",TV,26,6.25,64
9002,5089,Noramimi 2,Comedy,TV,13,6.48,156
9004,31020,Norasco: Cinema Point Card-hen,"Comedy, Slice of Life",Movie,10,6.86,57
9006,32904,Norimono Atsumare: Hit Song-shuu,Music,OVA,6,4.17,51
9007,20799,Norman the Snowman: Kita no Kuni no Aurora (Kari),"Fantasy, Kids",Movie,1,7.67,98
9011,32633,Nowisee,Music,Music,24,7.64,560
9014,22849,Nyamen,Comedy,TV,12,5.62,414
9018,9810,Nyani ga Nyandaa Nyandaa Kamen,Comedy,TV,83,6.75,169
9019,19305,Nyuru Nyuru!! Kakusen-kun,Comedy,TV,25,5.44,280
9028,20075,Obocchama-kun,"Comedy, Parody",TV,164,6.47,85
9030,34363,Ocha-ken: Ryokutto Monogatari,"Kids, Slice of Life",TV,13,8.0,20
9033,18469,Odoriko Clinoppe,"Comedy, Slice of Life",TV,26,5.75,99
9043,16730,Ojamanga Yamada-kun (Movie),"Comedy, Slice of Life",Movie,1,7.09,142
9046,16482,Ojarumaru: Mangetsu Road Kiki Ippatsu - Tama ni wa Maro mo Daibouken,"Adventure, Comedy, Fantasy, Kids, Slice of Life",Special,1,5.64,78
9054,23865,Ojisan Kaizou Kouza,Comedy,Movie,1,6.43,60
9059,10353,Okama Hakusho,"Comedy, Seinen",OVA,3,5.67,183
9063,30158,Okore!! Nonkuro,Kids,Special,1,3.93,52
9065,32472,Okoru yo!,"Kids, Music",Music,1,5.0,37
9069,26197,Omedetou Jesus-sama,"Historical, Kids",OVA,1,5.67,68
9079,21163,Oni no Ko to Yuki Usagi,"Demons, Fantasy, Kids",Movie,1,6.21,131
9082,22541,Oniku Daisuki! Zeushi-kun,Comedy,TV,12,4.98,150
9083,28185,Oniku Daisuki! Zeushi-kun 2nd Season,Comedy,ONA,6,5.05,92
9088,29275,Ooedo Torimonochou: Nezumi Kozou,"Historical, Kids, Mystery",OVA,1,8.0,41
9089,28113,Ooi! Adacchii!,"Historical, Kids",OVA,1,7.5,53
9095,21539,Oraa Guzura Dado,"Comedy, Kids",TV,52,6.63,87
9096,29053,Orangutan,"Kids, Music",Music,1,4.16,98
9097,9338,Ore no Sora Keiji-hen,"Action, Drama, Police",OVA,2,6.0,131
9099,25809,Ore-tachi Ijiwaru Kei,Comedy,TV,14,5.71,101
9104,23267,Osaru no Tairyou,Slice of Life,Movie,1,4.36,111
9105,3362,Oshare Majo Love and Berry: Shiawase no Mahou,Magic,Movie,1,5.83,398
9117,17675,Otogi no Sekai Ryokou,Adventure,Movie,1,5.5,67
9121,19559,Otoko wa Tsurai yo: Torajirou Wasurenagusa,"Comedy, Romance",Special,1,5.78,78
9131,30932,Oz no Mahoutsukai no Koutsuu Anzen no Tabi,"Drama, Fantasy, Kids",OVA,1,8.33,36
9132,33618,Ozmafia!! Special,"Historical, School, Shoujo",Special,1,4.35,574
9133,20185,Pa-Pa-Pa the ★ Movie: Perman,"Adventure, Comedy",Movie,1,6.73,111
9135,13165,Paboo & Mojies,Kids,TV,52,4.0,113
9138,33238,Padak Padak,Drama,Movie,1,6.5,62
9140,30417,Panpaka Pants O-New!,"Comedy, Kids",TV,26,3.6,131
9141,10953,Pants Pankurou,"Comedy, Kids, Slice of Life",TV,85,6.38,71
9149,6018,Patchin shite! Obaachan,Drama,Movie,1,6.83,112
9152,33122,Pâtisserie no Monster,Slice of Life,ONA,4,4.61,100
9154,12359,Pecola,Kids,TV,26,5.35,147
9157,27399,Peeping Life Movie: We Are The Hero,"Comedy, Slice of Life",OVA,1,5.1,127
9162,22675,Peeping Life: Gekijou Original-ban,"Comedy, Slice of Life",Movie,5,4.67,161
9183,23739,Peter Pan no Bouken Specials,"Adventure, Fantasy",Special,2,5.71,128
9185,29953,Phantasm,"Dementia, Music",Movie,1,3.59,74
9191,31465,Pichiko Dakyuubu USA-hen,"Comedy, Sports",Special,3,4.92,41
9205,3769,Play Ball 2nd,"Action, Shounen, Sports",TV,13,6.56,198
9213,22569,Pom Pom Purin no Usagi to Kame,"Fantasy, Kids",OVA,1,4.31,78
9214,31647,Ponkotsuland Saga,"Comedy, Parody",ONA,1,3.41,140
9215,23089,Ponsuke no Haru,"Comedy, Kids",Movie,1,6.33,62
9221,2093,Pops,"Romance, Shoujo, Slice of Life",OVA,1,5.9,171
9233,8670,Pozzie,Kids,Special,17,6.73,82
9234,30765,Present,"Drama, Kids",OVA,1,5.5,45
9237,25983,Private Eye Dol,"Comedy, Mystery",Special,3,5.91,73
9240,17321,Pro Golfer Saru: Kouga Hikyou! Kage no Ninpou Golfer Sanjou!,"Kids, Sports",Movie,1,4.5,73
9242,18339,Pro Yakyuu wo 10-bai Tanoshiku Miru Houhou,"Comedy, Sports",Movie,1,4.5,58
9243,18341,Pro Yakyuu wo 10-bai Tanoshiku Miru Houhou Part 2,"Comedy, Sports",Movie,1,4.75,58
9272,29477,Rescue YoYo,"Kids, Mecha",Special,1,3.26,67
9276,14249,Ribbon no Kishi (1999),Adventure,Movie,1,5.86,178
9277,22241,Ribbon no Kishi Pilot,Adventure,Special,1,5.36,139
9278,13459,Ribbon-chan,Comedy,TV,24,4.83,93
9291,16620,Robot King,"Action, Mecha",Movie,1,4.67,90
9292,29375,Robot Pulta,"Adventure, Comedy, Kids, Mecha",TV,40,5.0,45
9295,16562,Robot Taekwon V: Wooju Jakjeon,"Action, Mecha, Sci-Fi",Movie,1,4.88,88
9297,14781,Roboteuwang Sseonsyakeu,"Action, Mecha, Sci-Fi",Movie,1,2.49,121
9301,25623,Rouge: Lady's Comic Video,"Drama, Josei, Romance",OVA,2,7.33,144
9302,9061,RPG Densetsu Hepoi,"Adventure, Fantasy",TV,50,6.89,158
9305,10653,Running Boy: Star Soldier no Himitsu,"Sci-Fi, Space",Movie,1,5.64,96
9318,5997,Sabu to Ichi Torimono Hikae,"Action, Adventure, Drama, Historical, Martial Arts, Police, Samurai, Shounen, Slice of Life",TV,52,7.1,494
9319,33239,Saenggakboda Markeun,"Drama, Slice of Life",Movie,1,7.5,410
9328,3869,Sakura Momoko Gekijou: Coji-Coji,"Comedy, Fantasy",TV,100,6.65,186
9330,29798,Sakura Yori Ai wo Nosete,Kids,Movie,1,4.15,96
9338,22973,Sangokushi,"Action, Historical",Special,1,7.86,68
9346,34191,Santa-san wa Dai Isogashi,"Fantasy, Kids",OVA,1,9.0,25
9353,23867,Saru Kani Gassen: Ijimekkozaru to Shoujiki Kani-san,"Comedy, Kids",OVA,1,5.25,49
9365,33163,Seishain Cyborg 003,Comedy,ONA,2,4.39,155
9369,17835,Seito Shokun! Kokoro ni Midori no Neckerchief wo,"Comedy, School, Shoujo",Special,1,6.41,116
9376,27379,Sekai no Ouja: King Kong Taikai,"Adventure, Sci-Fi",Special,1,6.0,57
9389,15961,Shakotan★Boogie,"Action, Cars, Comedy, School, Seinen",OVA,4,7.6,169
9391,33906,Shangri-La (Music),Music,Music,1,3.54,55
9405,30201,Shiawase no Tokei,Music,Music,1,4.35,73
9406,18683,Shibai Taroka,"Action, Comedy, Romance, School, Shounen",OVA,2,6.0,161
9407,1739,Shibawanko no Wa no Kokoro,Kids,TV,80,6.27,369
9419,9885,Shin Bikkuriman,"Comedy, Fantasy",TV,72,5.29,110
9426,33132,Shin Kachikachi Yama,Fantasy,Movie,1,7.5,37
9430,7980,Shin Obake no Q-tarou,"Comedy, School, Slice of Life, Supernatural",TV,70,5.78,124
9437,22997,Shin Skyers 5,"Action, Sci-Fi",TV,26,6.25,68
9441,14069,Shinjuku Shin-chan: Yoiko no Koutsuu Anzen,Kids,ONA,1,4.61,104
9442,15579,Shinkai Densetsu Meremanoid,"Adventure, Fantasy",TV,24,6.0,163
9443,22313,Shinken Densetsu: Tight Road,"Action, Martial Arts",TV,13,5.67,103
9450,30939,Shiranpuri,"Drama, School",OVA,1,6.18,155
9451,2712,Shiratori Reiko de Gozaimasu!,"Comedy, Romance",OVA,1,5.44,158
9453,29401,Shiritori Oukoku,Kids,TV,3,4.71,48
9456,5933,Shiroi Kiba White Fang Monogatari,"Adventure, Drama, Historical",Special,1,6.63,185
9463,29741,Shitamachi Alien PapiPipiPupi,Sci-Fi,ONA,13,7.0,43
9465,24789,Shoko Nakagawa Prism Tour Special,Music,Special,1,5.55,149
9469,10369,Shougeki Shinsengumi,"Comedy, Historical",OVA,1,6.26,84
9470,7092,Shoujo Fight: Norainu-tachi no Odekake,"Comedy, School, Seinen, Sports",OVA,1,5.14,358
9472,33199,Shounen Ashibe,Comedy,OVA,6,6.0,52
9474,8832,Shounen Ashibe 2,"Comedy, Slice of Life",TV,25,5.63,125
9478,30940,Shounen Muku Hatojuu Monogatari,"Drama, Kids",OVA,1,6.0,37
9480,19983,Shounen Ninja Kaze no Fujimaru: Nazo no Arabiya Ningyou,"Action, Adventure, Samurai, Shounen",Movie,1,5.8,90
9487,33757,Shuang Yue Zhi Chengi,"Military, Sci-Fi",ONA,12,5.75,81
9489,30982,Shutter Chance,"Drama, Kids",OVA,1,4.75,42
9491,10541,Shuukan Shimakou,Comedy,TV,11,5.32,251
9493,11609,"Shuukan Shimakou: Sono Toki, Shimakou ga Ugoita!",Comedy,TV,11,5.52,130
9501,2101,Singles,"Romance, Shoujo",OVA,1,5.32,161
9506,19999,Sobakasu Pucchi,"Adventure, Comedy, Kids",TV,162,7.18,72
9507,10774,Soccer Fever,"Historical, Sports",TV,51,6.47,166
9511,28573,Somei-ka no Hi no Youjin: Bouka no Tebiki Katei-hen,"Drama, Kids",OVA,1,7.33,38
9512,23979,Something Great Chizu ni Nai Machi,Slice of Life,Movie,1,8.2,70
9517,30082,Sonna Boku ga Suki,"Kids, Music",Music,1,4.06,68
9518,18283,Sonyeon 007 Eunhateukgongdae,"Action, Adventure, Mecha, Sci-Fi, Shounen, Space",Movie,1,3.42,68
9520,22393,Sora e,"Fantasy, Kids, Music",Music,1,5.56,116
9524,21941,Sore Ike! Anpanman: Anpanman no Jin-Jin-Jingle Bells,"Comedy, Fantasy, Kids",Special,1,5.82,74
9527,27499,Sore Ike! Anpanman: Anpanman to Kaizoku Lobster,"Adventure, Fantasy, Kids",Special,1,5.5,70
9528,21935,Sore Ike! Anpanman: Anpanman to Okashi na Nakama,"Comedy, Fantasy, Kids",Movie,1,4.94,75
9530,27501,Sore Ike! Anpanman: Anpanman to Tanoshii Nakama-tachi,"Adventure, Fantasy, Kids",Movie,1,6.5,73
9532,10061,Sore Ike! Anpanman: Baikinman no Gyakushuu,"Comedy, Fantasy, Kids",Movie,1,5.89,124
9539,17004,Sore Ike! Anpanman: Franken-Robo-kun's Surprised Christmas,"Comedy, Fantasy, Kids, Super Power",Special,1,5.69,81
9564,27373,Sore Ike! Anpanman: Otanjoubi Series,"Comedy, Fantasy, Kids",OVA,12,5.64,66
9566,27683,Sore Ike! Anpanman: Rhythm de Teasobi - Anpanman to Fushigi na Parasol,"Comedy, Fantasy, Kids",Movie,1,4.83,74
9573,20113,Sore Ike! Anpanman: Tekka no Maki-chan to Kin no Kamameshidon,"Adventure, Kids",Movie,1,4.74,81
9577,21963,Sore Ike! Anpanman: Tsukiko to Shiratama - Tokimeki Dancing,"Comedy, Fantasy, Kids",Movie,1,5.0,73
9579,10685,Sore Ike! Anpanman: Utatte Teasobi! Anpanman to Mori no Takara,"Comedy, Fantasy, Kids",Movie,1,5.39,107
9580,21297,Sore Ike! Anpanman: Yakisobapanman to Black Sabotenman,"Comedy, Fantasy, Kids",Movie,1,5.2,73
9581,14381,Sore Ike! Anpanman: Yomigaere Bananajima,"Adventure, Comedy, Fantasy, Kids, Super Power",Movie,1,5.59,104
9588,11497,Sore Ike! Zukkoke Sannin-gumi,"Comedy, Kids, School",TV,26,7.0,86
9590,3822,Sougen no Shoujo Laura,"Adventure, Shoujo",TV,26,6.49,214
9609,29429,Straw Byururu,"Adventure, Fantasy, Kids, Magic",Special,2,5.0,83
9616,3885,Sugar Bunnies,Kids,TV,26,6.61,315
9617,6482,Sugar Bunnies Chocolate!,Kids,TV,26,6.95,203
9620,34000,Sugar Bunnies Fleur Specials,Kids,Special,2,3.67,44
9621,33998,Sugar Bunnies: Taisetsu na Tomodachi e...,Kids,Special,1,5.0,46
9622,4440,Sugata Sanshirou,"Action, Martial Arts, Sports",Special,1,6.65,158
9625,4553,Sukima no Kuni no Polta,Fantasy,TV,13,5.67,217
9643,26035,Sweet Spot,Comedy,OVA,1,7.0,59
9650,29799,Tabi wa Michizure Yo wa Nasake,Kids,Movie,1,4.26,92
9651,26219,Tabidachi no Hi ni,"Drama, Kids",OVA,1,8.33,44
9653,16754,Taegeugsonyeon Huin Dogsuli,"Action, Adventure, Shounen, Super Power",Movie,1,3.79,73
9654,14821,Taekwon Dongja Maruchi Arachi,Action,Movie,1,4.53,93
9656,18629,Taiheiyou ni Kakeru Niji,"Drama, Kids, Slice of Life",OVA,1,5.44,79
9658,18569,Taiman Blues: Shimizu Naoto-hen,Shounen,OVA,3,4.85,104
9664,32142,Takemoto Denki x Peeping Life,"Comedy, Slice of Life",ONA,1,4.22,85
9675,26093,"Tanbai Haru, Tookaraji","Drama, Kids",OVA,1,5.25,50
9687,16728,Tatakae!! Ramenman (Movie),"Action, Adventure, Martial Arts, Shounen",Movie,1,5.95,168
9689,29425,Teach,"Adventure, Kids, Music",TV,4,7.0,43
9691,30012,Tekusuke Monogatari,Historical,Movie,1,4.0,89
9697,5922,Tenjouhen: Utsunomiko,"Adventure, Demons, Fantasy",Movie,1,6.9,271
9700,32167,Tenkousei wa Uchuujin,"Kids, Music",Music,1,4.09,57
9704,18907,Tensai Eri-chan Kingyo wo Tabeta,"Comedy, Kids, Slice of Life",Movie,1,4.5,60
9712,27993,Tetsujin 28-gou: Tanjou-hen,"Adventure, Mecha, Sci-Fi, Shounen",Special,1,5.08,90
9715,29151,Tezuka Osamu Monogatari,Historical,ONA,10,4.86,69
9721,7459,The Collected Animations of ICAF (2001-2006),"Fantasy, Mystery",OVA,16,5.57,146
9726,31893,The Legend of Huainanzi 2nd Season,"Adventure, Fantasy, Historical",TV,26,7.0,57
9727,7955,The Marshmallow Times,Slice of Life,TV,52,7.09,216
9749,19049,Tobe! Pegasus Kokoro no Goal ni Shoot,"School, Sports",Movie,1,5.75,76
9751,20125,Tobidase! Machine Hiryuu,"Cars, Comedy, Parody, Shounen",TV,21,5.17,76
9752,30928,Tobidashi wa Abunaizo! Mushi Mushi Mura no Koutsuu Anzen,"Drama, Kids",OVA,1,4.0,38
9763,29473,Toko-chan Chokkin,"Adventure, Historical, Kids, Slice of Life",TV,3,6.67,37
9764,26275,Tokugawa Iemitsu to Edo Bakufu,"Drama, Historical, Kids, Samurai",OVA,1,6.33,50
9765,33525,Tokyo 2164,Sci-Fi,ONA,1,3.27,59
9767,33533,Tokyo Onlypic,"Comedy, Parody, Sports",Movie,1,6.33,29
9770,29209,Tomodachi de Iyou ne,"Kids, Slice of Life",TV,26,7.5,40
9778,32855,Tonight,Music,Music,1,4.85,91
9782,6124,Toshishun,"Adventure, Drama, Fantasy, Historical, Supernatural",Special,1,6.3,92
9786,2366,Touma Kishinden Oni,Supernatural,TV,25,6.4,303
9788,10812,Toumei Shounen Tantei Akira,"Action, Shounen",Special,1,6.05,129
9793,20087,Treasure Gaust,Game,TV,5,3.82,96
9801,32861,Tsukiyomi,Music,Music,1,4.73,86
9803,29479,Tsunagaru Animal,Kids,Special,1,5.4,39
9819,12899,Ucchare Goshogawara,"Martial Arts, School, Shounen, Sports",OVA,1,5.83,152
9827,12887,Uchuu Shounen Soran,"Action, Adventure, Sci-Fi",TV,96,6.22,122
9833,10815,UFO Senshi Dai Apolon 2,"Action, Mecha, Sci-Fi",TV,21,6.08,144
9834,16830,Uju Jeonsa Hong Gildong,"Action, Adventure, Kids, Sci-Fi, Space",Movie,1,4.58,63
9838,34078,Ukkari Pénélope (2013),"Kids, Slice of Life",TV,13,7.0,32
9839,8346,Ukkari Pénélope OVA,Fantasy,OVA,2,5.93,100
9843,10244,Ultra B: Black Hole kara no Dokusaisha BB!!,"Adventure, Comedy",Movie,1,5.54,71
9847,11695,Ultraman Graffiti,"Action, Comedy, Parody, Super Power",OVA,6,5.25,123
9856,30977,Umi no Koumori,"Drama, Kids",OVA,1,6.0,32
9857,20225,Umigame to Shounen,"Drama, Historical",Special,1,6.55,90
9865,29917,Uriko-hime to Amanojaku,Demons,Movie,1,4.41,71
9871,6522,Usahana: Yumemiru Ballerina,Kids,Special,7,5.76,125
9873,33787,Usamaru,Comedy,ONA,12,5.0,54
9882,30605,Uwabaki Cook no Tekitou Uranai!,Comedy,TV,125,4.6,90
9896,33124,Wakuwaku♥Nukegake Daisakusen,"Cars, Music",Music,1,4.2,59
9897,17106,Wala! Pyeon-uijeom The Animation,Slice of Life,TV,24,5.33,90
9900,4544,Wanghu Sim Cheong,Fantasy,Movie,1,7.9,302
9906,29747,Warai no Show Gakkou,"Comedy, Kids",TV,20,6.0,38
9918,22279,Watashitachi no Kurashi to Doboku,"Historical, Kids, Samurai",OVA,3,6.0,71
9945,12799,Xevious,"Action, Adventure, Sci-Fi, Space",Movie,1,5.73,184
9946,9973,Xi Yang Yang Yu Hui Tai Lang: Zhi Hu Hu Sheng Wei,"Adventure, Comedy, Kids",Movie,1,5.26,143
9949,18489,Xi Yang Yang Yu Hui Tai Lang: Zhi Tu Nian Ding Gua Gua,"Adventure, Comedy, Kids",Movie,1,5.74,103
9967,33744,Yahabe,"Game, Shounen, Supernatural",OVA,1,5.0,34
9971,26313,Yakusoku: Africa Mizu to Midori,"Drama, Kids",OVA,1,9.25,53
9989,33933,Yasamura Yasashi no Yasashii Sekai,Comedy,TV,17,4.44,369
9994,5468,Yattokame Tanteidan,"Kids, Mystery, Slice of Life",TV,14,6.5,141
9997,7646,Yawarakame♥,"Comedy, Kids",ONA,26,5.08,276
10010,31317,Yonimo Kimyou na Man☆Gatarou,Comedy,OVA,8,5.33,45
10012,12781,Yoshimoto Muchikko Monogatari,Comedy,TV,47,5.62,88
10020,15657,Yuke! Shouei-kun,Comedy,ONA,6,3.67,86
10021,28055,Yuki no Yo no Yume,Drama,Movie,1,4.79,125
10022,30957,Yukidaruma,"Fantasy, Historical",Movie,1,6.6,51
10026,33828,Yume Kakeru Kougen: Kiyosato no Chichi Paul Rusch,Historical,Movie,1,8.0,35
10028,24575,Yume no Jidousha,Cars,Movie,1,5.6,66
10029,26097,Yume no Tsuzuki,"Drama, Kids",OVA,1,8.67,53
10032,26307,"Yume, Sora Takaku","Drama, Kids",OVA,1,7.0,43
10034,29812,Yumemi Douji,Drama,Movie,1,5.27,79
10039,12767,Yuusei Kamen,Sci-Fi,TV,39,6.44,103
10040,6448,Yuusei Shounen Papii,"Action, Sci-Fi, Space, Super Power",TV,52,6.49,242
10042,22197,Yuuto-kun ga Iku Movie,"Kids, Sports",Movie,1,6.5,60
10045,31838,Ze Tian Ji,"Action, Adventure, Fantasy",ONA,13,6.8,180
10055,10987,Zettai Zetsumei Dangerous Jiisan (2004),"Comedy, Kids",TV,51,6.55,135
10058,31698,Zhan Long Si Qu,"Cars, Kids",TV,64,4.8,67
10059,33339,Zhongguo Jingqi Xiansheng,"Comedy, Supernatural, Thriller",ONA,63,6.96,386
10066,30089,Zombie Clay Animation: Life of the Dead,"Comedy, Horror",OVA,4,4.95,125
10069,11097,Zou no Inai Doubutsuen,Drama,Movie,1,6.07,85
10074,13455,Zumomo to Nupepe,Comedy,TV,32,7.0,120
